project_id,title,user_id,category,description,verified,image,amount_raised,amount_required,start_time,end_time
1,Hunter Ltd,26,Journalism,Organic background emulation,t,https://picsum.photos/320/200/?random1,784.13,2780.46,2018-04-01 16:46:42,2018-04-05 14:41:12
2,"Caldwell, White and Harris",696,Art,Profit-focused 24hour utilization,t,https://picsum.photos/320/200/?random2,1164.00,8317.38,2018-03-30 16:46:08,2018-04-11 07:55:48
3,Tate LLC,378,Journalism,Exclusive intangible service-desk,t,https://picsum.photos/320/200/?random3,5641.24,6565.40,2018-03-27 08:32:03,2018-05-03 07:46:36
4,"Gutierrez, Brown and Williams",944,Fashion,Fully-configurable attitude-oriented capability,t,https://picsum.photos/320/200/?random4,3574.38,2939.29,2018-03-25 10:29:58,2018-04-18 09:02:27
5,Lopez Inc,302,Publishing,Versatile dynamic system engine,t,https://picsum.photos/320/200/?random5,3982.64,7076.93,2018-03-20 11:06:06,2018-04-11 13:30:15
6,Wagner Ltd,269,Film & Video,Automated regional conglomeration,t,https://picsum.photos/320/200/?random6,1228.09,5552.14,2018-03-17 00:32:41,2018-04-18 09:00:50
7,Hall-Todd,361,Theater,Managed 5thgeneration alliance,t,https://picsum.photos/320/200/?random7,3590.71,2933.93,2018-03-23 16:41:55,2018-03-25 07:19:45
8,"Riley, Perry and Woods",101,Technology,Upgradable eco-centric initiative,t,https://picsum.photos/320/200/?random8,1171.66,7854.36,2018-03-21 17:05:53,2018-03-26 08:43:18
9,"Williams, Cole and Mccall",587,Games,Re-engineered upward-trending implementation,t,https://picsum.photos/320/200/?random9,2872.78,2914.53,2018-04-04 14:16:22,2018-04-29 03:42:21
10,Oconnell-James,678,Technology,Adaptive stable architecture,t,https://picsum.photos/320/200/?random10,3295.03,4719.62,2018-03-22 10:35:38,2018-04-23 13:09:06
11,Lopez Ltd,941,Journalism,Ergonomic multi-tasking model,t,https://picsum.photos/320/200/?random11,526.54,5682.65,2018-03-13 23:55:40,2018-03-25 20:23:15
12,"Kelly, Booth and Walker",40,Design,Synergistic well-modulated moratorium,t,https://picsum.photos/320/200/?random12,9272.11,8746.38,2018-04-05 08:01:11,2018-04-19 20:44:21
13,Schmidt-Phillips,534,Crafts,Cross-platform optimal workforce,t,https://picsum.photos/320/200/?random13,5563.45,4540.04,2018-03-14 10:54:29,2018-04-08 05:38:45
14,Blake PLC,806,Design,Profound heuristic core,t,https://picsum.photos/320/200/?random14,624.61,9548.23,2018-03-23 19:17:45,2018-04-27 20:37:40
15,Smith PLC,943,Crafts,Managed exuding matrix,t,https://picsum.photos/320/200/?random15,4999.81,9244.33,2018-03-23 18:59:06,2018-04-20 05:22:59
16,Cochran-Johnson,532,Games,Proactive tangible framework,t,https://picsum.photos/320/200/?random16,2140.58,7656.47,2018-03-30 07:55:12,2018-05-05 06:40:24
17,Hebert-Salazar,32,Comics,Adaptive global knowledge user,t,https://picsum.photos/320/200/?random17,9102.33,7400.99,2018-03-22 12:17:24,2018-05-04 08:06:20
18,Lawson-Miller,722,Music,Mandatory 5thgeneration matrix,t,https://picsum.photos/320/200/?random18,3510.97,7375.41,2018-04-09 01:53:47,2018-04-18 19:54:46
19,"Meyers, Johnson and May",500,Technology,Re-engineered discrete secured line,t,https://picsum.photos/320/200/?random19,6040.59,9691.82,2018-04-09 13:53:27,2018-04-11 22:55:03
20,"Martinez, Greene and Bean",812,Journalism,Reduced exuding emulation,t,https://picsum.photos/320/200/?random20,9411.33,3037.56,2018-04-10 19:53:23,2018-05-03 04:56:20
21,"Bailey, Mendoza and Myers",857,Publishing,Team-oriented global alliance,t,https://picsum.photos/320/200/?random21,4476.66,3902.25,2018-03-20 01:55:00,2018-04-26 03:22:18
22,Rodriguez-Larson,869,Food,Decentralized mobile initiative,t,https://picsum.photos/320/200/?random22,4298.64,785.30,2018-03-16 03:07:01,2018-04-14 02:31:59
23,"Sullivan, Hayes and Mckinney",808,Publishing,Ameliorated empowering solution,t,https://picsum.photos/320/200/?random23,1433.96,7633.76,2018-03-28 18:14:22,2018-04-25 15:11:21
24,Skinner-Lopez,67,Dance,Optimized optimizing throughput,t,https://picsum.photos/320/200/?random24,4988.65,4688.24,2018-03-12 16:54:47,2018-04-06 17:43:27
25,Brown-Rivera,811,Dance,Triple-buffered mobile throughput,t,https://picsum.photos/320/200/?random25,731.02,9296.35,2018-04-03 09:57:36,2018-04-23 13:18:43
26,Serrano-Robinson,750,Dance,Right-sized bandwidth-monitored task-force,t,https://picsum.photos/320/200/?random26,2319.21,9317.54,2018-04-02 14:15:28,2018-04-29 01:42:30
27,"Ochoa, Green and Nelson",333,Comics,Future-proofed leadingedge core,t,https://picsum.photos/320/200/?random27,9275.60,8013.84,2018-03-18 05:40:42,2018-04-07 04:28:30
28,Ellis-Reed,713,Journalism,Distributed mission-critical artificial intelligence,t,https://picsum.photos/320/200/?random28,8579.66,2748.13,2018-03-31 16:55:12,2018-04-19 21:15:43
29,Rodriguez and Sons,943,Food,Synchronized solution-oriented knowledge user,t,https://picsum.photos/320/200/?random29,4746.49,6064.43,2018-04-03 23:27:50,2018-04-14 20:08:57
30,Johnson Group,939,Music,Sharable contextually-based projection,t,https://picsum.photos/320/200/?random30,7213.75,2001.36,2018-03-12 11:19:06,2018-04-08 20:26:42
31,Frazier-Duncan,172,Fashion,Proactive executive leverage,t,https://picsum.photos/320/200/?random31,3890.61,701.87,2018-04-09 19:05:08,2018-05-01 19:09:29
32,"Guerrero, Farrell and Fox",803,Crafts,Right-sized asynchronous open architecture,t,https://picsum.photos/320/200/?random32,5853.54,6763.52,2018-04-07 09:40:47,2018-04-11 20:47:14
33,West and Sons,775,Crafts,Implemented 4thgeneration focus group,t,https://picsum.photos/320/200/?random33,8626.40,6851.20,2018-04-07 07:10:54,2018-05-01 08:28:40
34,Mason Inc,836,Journalism,Assimilated bandwidth-monitored moratorium,t,https://picsum.photos/320/200/?random34,8243.74,5983.89,2018-03-14 15:45:02,2018-03-25 04:42:45
35,"Morris, Marshall and Garcia",944,Crafts,Multi-tiered user-facing matrices,t,https://picsum.photos/320/200/?random35,9760.49,4644.74,2018-03-13 06:34:48,2018-03-14 03:31:54
36,Barker-Carter,165,Film & Video,Persistent encompassing hub,t,https://picsum.photos/320/200/?random36,8011.09,2091.15,2018-03-29 22:39:38,2018-04-17 07:01:15
37,Rivers and Sons,12,Design,Implemented maximized architecture,t,https://picsum.photos/320/200/?random37,3325.79,3807.96,2018-03-27 00:51:00,2018-04-08 05:52:21
38,"Gillespie, Sutton and Lopez",188,Fashion,Cloned encompassing circuit,t,https://picsum.photos/320/200/?random38,3086.15,5691.37,2018-03-24 04:05:18,2018-04-13 03:59:49
39,Lee LLC,814,Art,Cross-platform mission-critical project,t,https://picsum.photos/320/200/?random39,8803.54,3157.28,2018-04-08 21:52:20,2018-04-22 17:02:41
40,Becker-Lewis,796,Dance,Grass-roots client-server algorithm,t,https://picsum.photos/320/200/?random40,5631.15,8616.18,2018-04-05 06:29:02,2018-05-09 15:30:15
41,Lowe LLC,667,Design,Business-focused scalable portal,t,https://picsum.photos/320/200/?random41,9171.26,9571.45,2018-03-14 17:53:02,2018-03-30 18:46:36
42,Carey LLC,489,Technology,Public-key interactive moderator,t,https://picsum.photos/320/200/?random42,6316.75,3962.86,2018-03-17 10:47:10,2018-03-23 13:37:15
43,"Morrow, Simmons and Williams",740,Crafts,Seamless background task-force,t,https://picsum.photos/320/200/?random43,3383.56,8298.30,2018-03-27 14:14:19,2018-04-30 22:36:27
44,Poole-Robinson,696,Dance,User-centric upward-trending protocol,t,https://picsum.photos/320/200/?random44,3189.88,5540.96,2018-03-13 07:49:49,2018-03-31 22:10:23
45,Alexander-Perez,46,Games,De-engineered multi-tasking parallelism,t,https://picsum.photos/320/200/?random45,143.16,5842.36,2018-04-05 19:26:52,2018-04-07 14:53:30
46,Velasquez Group,352,Theater,Decentralized value-added budgetary management,t,https://picsum.photos/320/200/?random46,522.80,7833.85,2018-03-17 14:04:42,2018-04-21 09:29:47
47,Reyes Inc,161,Games,Balanced methodical approach,t,https://picsum.photos/320/200/?random47,7226.59,2575.66,2018-03-15 14:53:57,2018-04-03 16:47:51
48,"Martinez, Eaton and Howard",114,Publishing,Optional high-level secured line,t,https://picsum.photos/320/200/?random48,5844.26,2771.90,2018-03-14 06:53:39,2018-03-18 18:53:48
49,Terrell Inc,787,Games,Compatible directional instruction set,t,https://picsum.photos/320/200/?random49,8975.18,4237.64,2018-04-02 05:30:29,2018-04-07 10:05:26
50,Taylor-Jackson,130,Art,Balanced encompassing open system,t,https://picsum.photos/320/200/?random50,9438.43,5292.10,2018-03-25 18:59:39,2018-05-02 15:00:59
51,Molina-Sanders,140,Design,Persevering mission-critical matrix,t,https://picsum.photos/320/200/?random51,643.34,1180.83,2018-03-16 23:43:40,2018-04-02 00:32:12
52,Chang-Caldwell,703,Theater,Programmable upward-trending initiative,t,https://picsum.photos/320/200/?random52,1204.86,5285.17,2018-03-23 01:43:30,2018-04-28 20:24:15
53,Aguirre-Ray,91,Comics,Diverse systematic capability,t,https://picsum.photos/320/200/?random53,7890.21,8709.93,2018-03-30 23:54:59,2018-05-10 13:50:58
54,"Nelson, Haas and Jones",16,Crafts,Total reciprocal superstructure,t,https://picsum.photos/320/200/?random54,759.83,7288.77,2018-03-26 08:43:06,2018-04-25 21:59:12
55,Coleman-Day,812,Technology,Stand-alone mission-critical artificial intelligence,t,https://picsum.photos/320/200/?random55,3363.28,5991.18,2018-04-04 00:04:26,2018-05-08 02:34:45
56,Warren Ltd,137,Design,Optimized discrete migration,t,https://picsum.photos/320/200/?random56,9023.75,6700.45,2018-03-29 23:28:53,2018-04-07 20:33:41
57,"Gutierrez, Garcia and Lewis",527,Comics,Multi-tiered mobile pricing structure,t,https://picsum.photos/320/200/?random57,630.40,4004.99,2018-03-28 04:44:16,2018-05-02 16:08:18
58,"Bryan, Fisher and Wu",517,Games,Expanded disintermediate budgetary management,t,https://picsum.photos/320/200/?random58,685.77,728.22,2018-03-14 18:30:35,2018-04-17 12:44:08
59,Jones-Mccarthy,413,Photography,Compatible explicit hierarchy,t,https://picsum.photos/320/200/?random59,3412.76,5440.62,2018-03-13 11:14:26,2018-04-21 14:06:21
60,Kirk Inc,773,Art,Digitized responsive secured line,t,https://picsum.photos/320/200/?random60,547.24,9056.85,2018-03-16 12:31:46,2018-04-11 10:29:38
61,"Cruz, Simmons and Wilson",546,Publishing,Managed bi-directional alliance,t,https://picsum.photos/320/200/?random61,4738.64,265.92,2018-03-21 12:27:44,2018-04-25 13:32:46
62,"Gomez, Warren and Russell",199,Comics,Cloned upward-trending functionalities,t,https://picsum.photos/320/200/?random62,1750.24,2325.64,2018-03-25 08:50:39,2018-05-01 06:16:08
63,Brown-Chavez,596,Technology,Ameliorated logistical knowledge user,t,https://picsum.photos/320/200/?random63,3054.46,8328.37,2018-03-29 04:37:17,2018-04-19 05:58:55
64,Nelson LLC,443,Dance,Optional impactful access,t,https://picsum.photos/320/200/?random64,1155.63,9361.94,2018-04-02 00:20:23,2018-05-05 18:36:52
65,French and Sons,547,Crafts,Networked real-time instruction set,t,https://picsum.photos/320/200/?random65,7544.73,2760.44,2018-04-08 23:25:52,2018-04-20 19:58:30
66,Schultz-Rodriguez,964,Comics,Visionary uniform Local Area Network,t,https://picsum.photos/320/200/?random66,9008.63,8392.74,2018-03-28 14:36:22,2018-05-05 23:39:53
67,Parker PLC,49,Design,Proactive human-resource groupware,t,https://picsum.photos/320/200/?random67,22.77,1318.81,2018-03-20 08:42:04,2018-03-31 00:23:34
68,Ortiz PLC,266,Design,Configurable bottom-line methodology,t,https://picsum.photos/320/200/?random68,5382.94,5094.97,2018-03-31 02:23:56,2018-04-20 05:11:49
69,Andrews Group,188,Design,Object-based 4thgeneration array,t,https://picsum.photos/320/200/?random69,1739.83,6163.55,2018-04-07 22:33:20,2018-04-27 14:53:57
70,"Beck, Price and Fisher",511,Art,Centralized transitional archive,t,https://picsum.photos/320/200/?random70,6956.82,2659.61,2018-04-01 03:29:38,2018-04-23 10:25:30
71,Wells Inc,969,Publishing,Organized homogeneous hierarchy,t,https://picsum.photos/320/200/?random71,8646.69,1615.44,2018-03-28 17:36:21,2018-04-26 06:48:33
72,Wagner-Nelson,901,Technology,Enterprise-wide zero administration policy,t,https://picsum.photos/320/200/?random72,7585.85,1260.95,2018-03-13 15:31:54,2018-05-06 09:28:22
73,Herrera-Barber,516,Photography,Organized multi-state extranet,t,https://picsum.photos/320/200/?random73,4085.66,6623.20,2018-04-07 01:54:33,2018-04-25 16:52:25
74,Brown-Wells,343,Music,Exclusive methodical open system,t,https://picsum.photos/320/200/?random74,3737.73,6531.89,2018-03-26 13:33:35,2018-04-15 12:31:39
75,Knox-Barnes,351,Art,Polarized context-sensitive productivity,t,https://picsum.photos/320/200/?random75,4340.85,5536.78,2018-04-01 17:42:07,2018-04-10 21:23:04
76,Bradley Ltd,338,Art,Inverse mobile software,t,https://picsum.photos/320/200/?random76,6449.53,152.45,2018-03-13 20:26:12,2018-03-14 11:37:14
77,Herrera Group,943,Food,Phased multi-tasking Local Area Network,t,https://picsum.photos/320/200/?random77,4983.56,8441.92,2018-03-19 13:52:25,2018-04-12 14:47:22
78,"Rodriguez, Colon and Gonzalez",998,Design,Up-sized even-keeled approach,t,https://picsum.photos/320/200/?random78,5939.11,8123.37,2018-03-21 06:42:07,2018-04-17 21:01:43
79,Jones LLC,595,Fashion,Devolved multimedia time-frame,t,https://picsum.photos/320/200/?random79,7924.57,6632.97,2018-03-26 11:21:03,2018-04-01 09:31:21
80,Meyer-Bell,171,Dance,Self-enabling high-level support,t,https://picsum.photos/320/200/?random80,9291.14,4639.47,2018-03-29 04:44:30,2018-03-30 01:57:44
81,Douglas-Smith,471,Food,Horizontal motivating knowledgebase,t,https://picsum.photos/320/200/?random81,1124.19,2409.57,2018-03-23 02:16:04,2018-04-08 23:13:09
82,"Clark, Snyder and Smith",148,Dance,Cross-group uniform architecture,t,https://picsum.photos/320/200/?random82,3607.35,825.21,2018-03-25 08:29:42,2018-04-20 21:42:33
83,Perez Group,813,Photography,Progressive logistical superstructure,t,https://picsum.photos/320/200/?random83,3541.69,7163.18,2018-03-18 21:08:57,2018-04-06 13:31:03
84,"Estrada, Pierce and Fuller",112,Crafts,Multi-tiered discrete matrices,t,https://picsum.photos/320/200/?random84,8762.39,4281.98,2018-04-04 01:16:18,2018-04-13 13:17:20
85,Hubbard Group,154,Crafts,Reduced interactive Graphic Interface,t,https://picsum.photos/320/200/?random85,2411.31,5894.66,2018-04-10 09:32:55,2018-04-20 16:09:32
86,Palmer LLC,616,Art,Managed web-enabled service-desk,t,https://picsum.photos/320/200/?random86,7539.74,7871.26,2018-03-25 13:38:07,2018-04-23 07:39:54
87,Beasley-Cruz,446,Music,Programmable analyzing time-frame,t,https://picsum.photos/320/200/?random87,3509.30,330.08,2018-03-14 10:35:32,2018-04-05 05:25:33
88,Harrington-Poole,219,Food,Open-source coherent functionalities,t,https://picsum.photos/320/200/?random88,7239.18,5514.38,2018-03-24 08:22:13,2018-04-23 02:50:37
89,Padilla-Hernandez,233,Crafts,Networked bifurcated secured line,t,https://picsum.photos/320/200/?random89,9008.77,4421.42,2018-03-31 08:04:23,2018-04-02 02:11:18
90,Ponce Group,369,Fashion,Enhanced discrete capability,t,https://picsum.photos/320/200/?random90,5051.66,3119.98,2018-04-03 00:00:28,2018-04-04 17:47:40
91,"Hoover, Jackson and Beck",733,Publishing,Function-based fault-tolerant function,t,https://picsum.photos/320/200/?random91,4014.03,2988.63,2018-03-16 09:43:46,2018-04-22 10:27:20
92,Joseph Ltd,580,Publishing,Multi-tiered demand-driven service-desk,t,https://picsum.photos/320/200/?random92,3054.83,95.10,2018-03-26 03:29:59,2018-03-27 05:06:08
93,"Scott, Townsend and Hunt",940,Theater,Total dynamic support,t,https://picsum.photos/320/200/?random93,3366.99,3472.97,2018-04-04 13:36:23,2018-04-26 07:26:54
94,Hutchinson Ltd,629,Journalism,Sharable content-based flexibility,t,https://picsum.photos/320/200/?random94,4317.10,792.75,2018-04-05 21:14:22,2018-04-21 20:06:40
95,Walker-Skinner,936,Design,Balanced fault-tolerant conglomeration,t,https://picsum.photos/320/200/?random95,7073.94,2050.54,2018-03-28 06:19:09,2018-04-22 02:24:05
96,Brown Group,66,Dance,Distributed regional function,t,https://picsum.photos/320/200/?random96,9486.15,2129.73,2018-03-21 11:27:05,2018-04-04 20:55:06
97,Matthews-Roberts,956,Publishing,Polarized systemic flexibility,t,https://picsum.photos/320/200/?random97,135.91,6086.34,2018-03-27 23:00:05,2018-05-03 04:10:29
98,Nichols-Weber,946,Photography,Object-based attitude-oriented contingency,t,https://picsum.photos/320/200/?random98,1798.30,2657.86,2018-04-10 01:01:05,2018-05-08 21:50:13
99,"Johnson, Moreno and Wilson",146,Journalism,Digitized 5thgeneration help-desk,t,https://picsum.photos/320/200/?random99,8842.60,9011.57,2018-03-25 10:53:07,2018-03-30 08:54:21
100,Ramos-King,794,Music,Configurable empowering customer loyalty,t,https://picsum.photos/320/200/?random100,1340.90,3608.16,2018-03-18 07:16:31,2018-04-02 06:50:59
101,"Brown, Neal and Martinez",49,Music,Managed executive help-desk,t,https://picsum.photos/320/200/?random101,3960.81,288.54,2018-04-01 19:50:11,2018-04-11 03:25:10
102,Lang-Taylor,123,Crafts,Synergized fault-tolerant alliance,t,https://picsum.photos/320/200/?random102,7387.15,2345.40,2018-03-31 20:06:04,2018-04-24 03:46:45
103,Lucas-Jackson,939,Film & Video,Optimized logistical middleware,t,https://picsum.photos/320/200/?random103,6119.57,3831.53,2018-03-16 09:26:48,2018-04-16 07:19:52
104,"Herrera, Miller and Adams",322,Film & Video,Synergized explicit alliance,t,https://picsum.photos/320/200/?random104,2040.32,1449.52,2018-03-14 19:48:12,2018-03-21 15:16:59
105,Khan LLC,274,Film & Video,Enterprise-wide fresh-thinking encoding,t,https://picsum.photos/320/200/?random105,1739.27,5059.65,2018-03-23 06:22:21,2018-04-17 00:08:39
106,Chapman-Smith,635,Games,User-friendly hybrid function,t,https://picsum.photos/320/200/?random106,5452.67,6823.59,2018-03-26 14:32:42,2018-04-30 02:11:52
107,Williams and Sons,743,Comics,Down-sized regional adapter,t,https://picsum.photos/320/200/?random107,3559.34,1987.92,2018-04-03 00:55:57,2018-04-18 12:03:59
108,Allen LLC,111,Film & Video,Upgradable value-added concept,t,https://picsum.photos/320/200/?random108,2132.44,2243.84,2018-03-28 03:38:47,2018-04-24 15:41:00
109,Young-Edwards,647,Technology,Streamlined human-resource algorithm,t,https://picsum.photos/320/200/?random109,339.01,2326.31,2018-04-03 11:26:24,2018-05-01 11:29:08
110,Manning-Davis,895,Theater,Extended exuding parallelism,t,https://picsum.photos/320/200/?random110,5801.35,9817.29,2018-03-20 11:06:27,2018-05-06 02:59:57
111,"Jimenez, King and Stewart",828,Theater,Stand-alone full-range projection,t,https://picsum.photos/320/200/?random111,1849.23,576.07,2018-04-10 23:43:20,2018-05-09 23:41:51
112,Davis Group,857,Journalism,Operative incremental migration,t,https://picsum.photos/320/200/?random112,9493.31,1402.46,2018-04-05 04:34:05,2018-04-26 15:35:06
113,Martinez-Wilson,800,Dance,User-centric responsive benchmark,t,https://picsum.photos/320/200/?random113,2751.96,7874.68,2018-04-07 14:52:50,2018-04-13 01:33:18
114,"Horn, Cardenas and Navarro",63,Theater,Versatile 4thgeneration focus group,t,https://picsum.photos/320/200/?random114,5464.92,3534.42,2018-03-16 08:20:27,2018-05-10 16:50:07
115,"Flores, Gutierrez and Pittman",108,Theater,Distributed global monitoring,t,https://picsum.photos/320/200/?random115,4059.95,1783.09,2018-03-16 01:15:58,2018-05-03 05:13:44
116,"Kelly, Livingston and Collier",370,Food,Expanded bottom-line open system,t,https://picsum.photos/320/200/?random116,99.90,1845.29,2018-03-22 18:15:45,2018-04-10 20:12:17
117,"Espinoza, Jones and Morales",172,Theater,Balanced transitional model,t,https://picsum.photos/320/200/?random117,5884.63,2765.80,2018-04-02 05:02:15,2018-04-21 00:57:38
118,Daugherty LLC,762,Photography,Operative background alliance,t,https://picsum.photos/320/200/?random118,1118.31,7003.35,2018-04-06 16:36:10,2018-04-09 15:18:53
119,Ellis-Edwards,363,Design,Networked contextually-based solution,t,https://picsum.photos/320/200/?random119,5763.25,4243.72,2018-03-28 13:21:28,2018-04-13 02:30:30
120,Patrick-Francis,547,Theater,Customer-focused analyzing access,t,https://picsum.photos/320/200/?random120,4310.99,9207.78,2018-03-15 18:26:31,2018-05-07 03:05:44
121,Hughes LLC,700,Technology,Multi-channeled local open system,t,https://picsum.photos/320/200/?random121,6434.52,6338.10,2018-03-31 05:57:24,2018-04-14 16:38:37
122,Lee-Rodriguez,6,Publishing,Function-based systematic service-desk,t,https://picsum.photos/320/200/?random122,5346.37,3390.40,2018-03-19 08:02:43,2018-03-29 17:01:25
123,Duncan Ltd,568,Music,Intuitive demand-driven encoding,t,https://picsum.photos/320/200/?random123,4202.43,4299.84,2018-03-22 09:06:06,2018-04-08 03:21:02
124,Watson-Moore,851,Games,Reverse-engineered impactful benchmark,t,https://picsum.photos/320/200/?random124,8727.86,669.78,2018-03-21 04:02:34,2018-03-26 08:20:27
125,Castro-Melton,738,Comics,Upgradable bandwidth-monitored synergy,t,https://picsum.photos/320/200/?random125,7613.71,1191.30,2018-03-17 06:36:09,2018-03-30 16:18:06
126,"Burnett, Hanson and Moreno",624,Publishing,Business-focused dedicated initiative,t,https://picsum.photos/320/200/?random126,1661.87,597.45,2018-04-03 11:44:36,2018-04-07 19:11:53
127,Howard Group,650,Film & Video,Networked needs-based project,t,https://picsum.photos/320/200/?random127,1650.67,505.92,2018-03-16 03:37:22,2018-04-03 16:16:41
128,"Johnson, Flowers and Marshall",990,Comics,Public-key multimedia flexibility,t,https://picsum.photos/320/200/?random128,5665.46,3239.62,2018-03-19 08:57:53,2018-04-10 04:23:08
129,Sawyer-Kennedy,952,Music,Focused actuating time-frame,t,https://picsum.photos/320/200/?random129,8121.94,2257.41,2018-04-03 15:58:12,2018-04-14 02:17:44
130,"Gardner, Mccarthy and Oconnor",614,Games,Persevering coherent application,t,https://picsum.photos/320/200/?random130,3616.17,6137.70,2018-03-26 00:35:39,2018-04-02 05:46:01
131,"Franklin, Reynolds and Gonzalez",710,Technology,Realigned attitude-oriented projection,t,https://picsum.photos/320/200/?random131,5700.15,9782.38,2018-03-16 18:37:07,2018-04-14 10:26:25
132,Medina-Bryant,943,Film & Video,Stand-alone neutral focus group,t,https://picsum.photos/320/200/?random132,6120.14,2681.84,2018-03-28 06:58:11,2018-04-18 22:40:20
133,Stevens Ltd,99,Music,Upgradable systemic array,t,https://picsum.photos/320/200/?random133,715.32,3336.32,2018-03-18 16:59:57,2018-05-07 10:31:35
134,"Morales, Fox and Ortega",598,Comics,Reactive user-facing approach,t,https://picsum.photos/320/200/?random134,2486.43,1165.27,2018-03-16 02:44:40,2018-04-13 16:04:29
135,Martin Inc,895,Music,Front-line radical circuit,t,https://picsum.photos/320/200/?random135,837.23,1922.41,2018-03-27 04:12:32,2018-04-10 00:50:04
136,"Stevens, Skinner and Bailey",434,Dance,Operative high-level initiative,t,https://picsum.photos/320/200/?random136,512.42,3283.00,2018-03-12 18:10:18,2018-05-01 06:32:56
137,"Ball, Wood and George",345,Crafts,Programmable bandwidth-monitored circuit,t,https://picsum.photos/320/200/?random137,595.08,1927.15,2018-04-04 15:48:31,2018-05-03 16:03:48
138,Adams PLC,231,Food,Reduced maximized alliance,t,https://picsum.photos/320/200/?random138,7563.53,2635.23,2018-03-15 11:55:24,2018-04-03 06:14:03
139,Jackson PLC,985,Film & Video,Multi-lateral heuristic system engine,t,https://picsum.photos/320/200/?random139,5673.26,9962.19,2018-04-07 02:20:10,2018-04-23 22:50:29
140,Powell-Miller,382,Journalism,Self-enabling homogeneous interface,t,https://picsum.photos/320/200/?random140,3782.54,5924.12,2018-03-16 08:09:57,2018-05-09 20:59:50
141,"Williams, Cabrera and Gonzalez",697,Comics,Multi-channeled modular infrastructure,t,https://picsum.photos/320/200/?random141,6178.16,3067.22,2018-03-26 08:24:27,2018-04-23 14:51:40
142,"Jones, Mills and Robinson",130,Food,Profit-focused modular infrastructure,t,https://picsum.photos/320/200/?random142,7142.28,667.52,2018-03-29 00:25:46,2018-04-06 06:32:50
143,"Wiggins, Ryan and Baker",604,Theater,Diverse 24/7 hardware,t,https://picsum.photos/320/200/?random143,1920.39,8290.09,2018-03-13 06:01:06,2018-03-21 16:02:49
144,Richards-Bryant,377,Publishing,Vision-oriented zero administration definition,t,https://picsum.photos/320/200/?random144,917.92,3930.61,2018-03-20 16:40:16,2018-04-07 23:09:32
145,Johnston-Hicks,824,Journalism,Persevering attitude-oriented synergy,t,https://picsum.photos/320/200/?random145,791.95,5129.73,2018-04-07 20:21:51,2018-04-22 18:18:22
146,"Edwards, Wong and Kelly",54,Journalism,Organic web-enabled website,t,https://picsum.photos/320/200/?random146,7244.31,5102.48,2018-03-28 06:45:28,2018-05-07 13:40:48
147,Davenport Group,320,Journalism,Fundamental content-based core,t,https://picsum.photos/320/200/?random147,2699.45,7331.63,2018-03-22 20:03:54,2018-04-04 02:55:01
148,"Owens, Crane and Osborne",476,Design,Cross-group asymmetric application,t,https://picsum.photos/320/200/?random148,2456.40,1649.32,2018-03-26 19:24:05,2018-04-26 08:12:06
149,Hutchinson-Johnson,671,Film & Video,Synergistic high-level challenge,t,https://picsum.photos/320/200/?random149,1413.89,6058.23,2018-03-17 21:42:19,2018-03-22 15:17:37
150,Howard-Harper,100,Photography,Object-based needs-based workforce,t,https://picsum.photos/320/200/?random150,1047.82,550.04,2018-04-05 12:47:23,2018-05-02 10:46:57
151,"Williams, Bush and Taylor",532,Comics,Customer-focused logistical hub,t,https://picsum.photos/320/200/?random151,6207.07,5799.42,2018-03-26 17:29:20,2018-04-09 13:17:46
152,"Moore, Fox and Elliott",519,Dance,Devolved exuding conglomeration,t,https://picsum.photos/320/200/?random152,9412.97,4108.32,2018-04-10 01:46:00,2018-05-04 21:56:52
153,"Tran, Estes and Porter",646,Art,Multi-lateral solution-oriented service-desk,t,https://picsum.photos/320/200/?random153,5568.39,1518.42,2018-03-28 02:27:37,2018-04-17 21:11:15
154,Powell-Rogers,715,Journalism,Customizable real-time product,t,https://picsum.photos/320/200/?random154,174.89,4313.10,2018-03-27 13:00:11,2018-04-20 17:39:26
155,Moreno LLC,683,Comics,Enterprise-wide executive product,t,https://picsum.photos/320/200/?random155,8242.45,9908.26,2018-03-31 16:16:17,2018-04-01 03:08:37
156,King-Schwartz,32,Comics,Enterprise-wide optimizing customer loyalty,t,https://picsum.photos/320/200/?random156,5893.46,6029.62,2018-04-03 09:39:14,2018-04-14 11:29:37
157,Rios Inc,203,Games,Centralized high-level standardization,t,https://picsum.photos/320/200/?random157,8813.97,847.33,2018-03-28 06:26:29,2018-04-20 12:24:07
158,Harvey-Wheeler,761,Theater,Front-line 24/7 intranet,t,https://picsum.photos/320/200/?random158,8418.53,4941.96,2018-03-13 09:18:48,2018-03-15 06:27:42
159,"Jones, Sullivan and Ortiz",263,Crafts,Cross-group zero administration focus group,t,https://picsum.photos/320/200/?random159,335.24,3844.82,2018-03-21 21:09:43,2018-03-31 16:54:54
160,Hall-Moses,278,Film & Video,Right-sized local challenge,t,https://picsum.photos/320/200/?random160,5671.73,9473.69,2018-04-07 06:53:39,2018-05-09 17:51:20
161,Norman LLC,894,Film & Video,Total non-volatile firmware,t,https://picsum.photos/320/200/?random161,8254.48,4371.14,2018-03-12 15:25:29,2018-04-04 03:45:05
162,Gilmore and Sons,857,Film & Video,Compatible next generation firmware,t,https://picsum.photos/320/200/?random162,6253.86,7500.88,2018-03-26 10:51:01,2018-04-05 17:44:56
163,Russell-Clark,835,Music,Configurable bottom-line Internet solution,t,https://picsum.photos/320/200/?random163,4365.80,2452.81,2018-03-21 06:43:19,2018-04-07 03:45:17
164,"Morgan, Brown and Dean",686,Design,Advanced mobile time-frame,t,https://picsum.photos/320/200/?random164,3600.33,9074.77,2018-04-01 22:58:25,2018-04-24 06:55:15
165,"Pineda, Downs and Conley",412,Crafts,Sharable human-resource encoding,t,https://picsum.photos/320/200/?random165,9274.47,6199.32,2018-04-08 01:52:33,2018-04-08 15:57:00
166,"Tate, Perez and Morgan",557,Food,Advanced value-added pricing structure,t,https://picsum.photos/320/200/?random166,631.05,850.17,2018-04-06 21:16:56,2018-05-04 05:11:14
167,Blackwell PLC,471,Journalism,Future-proofed value-added firmware,t,https://picsum.photos/320/200/?random167,462.37,9906.78,2018-03-30 18:26:42,2018-05-07 07:48:14
168,Raymond-Brooks,911,Food,Proactive disintermediate ability,t,https://picsum.photos/320/200/?random168,1978.75,4278.04,2018-03-15 09:13:04,2018-04-05 19:37:40
169,"Park, Collins and Paul",287,Design,Enhanced attitude-oriented groupware,t,https://picsum.photos/320/200/?random169,1723.01,6513.11,2018-03-17 16:41:32,2018-03-22 12:29:53
170,"Roach, Dodson and Black",259,Fashion,Expanded interactive hub,t,https://picsum.photos/320/200/?random170,1295.20,9832.52,2018-03-25 08:17:58,2018-04-27 13:20:46
171,Hernandez-Webb,608,Dance,Streamlined impactful collaboration,t,https://picsum.photos/320/200/?random171,9660.13,1201.72,2018-03-17 15:56:59,2018-04-05 18:08:33
172,Maldonado LLC,10,Publishing,Team-oriented multi-tasking superstructure,t,https://picsum.photos/320/200/?random172,7865.40,1757.01,2018-04-03 04:03:36,2018-05-06 23:09:33
173,"Trevino, Ferguson and Hodges",50,Design,Integrated object-oriented orchestration,t,https://picsum.photos/320/200/?random173,3436.90,2423.56,2018-03-24 17:08:20,2018-05-05 13:57:42
174,Estrada-Jensen,61,Comics,Monitored stable throughput,t,https://picsum.photos/320/200/?random174,8714.21,7963.70,2018-04-09 10:36:18,2018-04-10 01:16:11
175,"Ruiz, Freeman and Wright",394,Fashion,Future-proofed actuating Graphical User Interface,t,https://picsum.photos/320/200/?random175,8407.90,5617.78,2018-03-28 14:03:15,2018-05-06 19:05:38
176,Wood Inc,825,Food,Quality-focused regional challenge,t,https://picsum.photos/320/200/?random176,4984.48,4099.60,2018-03-20 08:21:20,2018-05-06 00:41:20
177,"Wilson, Henry and Shea",958,Theater,Fundamental systemic contingency,t,https://picsum.photos/320/200/?random177,2465.05,3438.49,2018-03-24 23:52:58,2018-05-05 00:01:05
178,Hart-Bowen,499,Publishing,Business-focused zero tolerance encoding,t,https://picsum.photos/320/200/?random178,4653.24,3454.53,2018-03-15 02:20:45,2018-05-11 00:52:27
179,Davis-Bailey,127,Dance,Robust asynchronous solution,t,https://picsum.photos/320/200/?random179,5096.98,4106.76,2018-04-10 14:21:15,2018-04-21 14:58:32
180,"Bullock, Bradshaw and Moore",430,Comics,Realigned client-driven instruction set,t,https://picsum.photos/320/200/?random180,110.88,1642.54,2018-03-29 00:52:06,2018-04-16 06:33:43
181,Smith Group,505,Design,Centralized exuding superstructure,t,https://picsum.photos/320/200/?random181,5226.52,7813.00,2018-04-01 11:00:28,2018-04-26 07:59:50
182,Williams LLC,694,Dance,Right-sized full-range groupware,t,https://picsum.photos/320/200/?random182,8623.99,9790.35,2018-04-04 11:41:45,2018-04-10 21:43:26
183,Johnson-Brown,606,Comics,Customer-focused user-facing capability,t,https://picsum.photos/320/200/?random183,5909.87,9039.45,2018-03-30 10:15:23,2018-04-20 08:51:22
184,Williamson-Collins,624,Crafts,Persevering multi-state system engine,t,https://picsum.photos/320/200/?random184,3014.11,7684.97,2018-04-02 11:49:10,2018-04-16 12:18:05
185,Baker Inc,894,Art,Intuitive bi-directional implementation,t,https://picsum.photos/320/200/?random185,8636.97,5749.96,2018-03-20 17:05:05,2018-03-28 07:00:48
186,"Vasquez, Bond and Morales",797,Comics,Synchronized human-resource archive,t,https://picsum.photos/320/200/?random186,6756.31,7052.30,2018-03-22 07:22:22,2018-04-28 16:39:41
187,Murphy-Johnson,411,Theater,Multi-lateral homogeneous projection,t,https://picsum.photos/320/200/?random187,3006.33,4457.04,2018-03-30 19:26:11,2018-03-31 02:17:34
188,"Mcclure, Potter and Pittman",529,Design,Fundamental systematic contingency,t,https://picsum.photos/320/200/?random188,9027.52,6856.50,2018-03-21 09:11:51,2018-04-30 00:21:44
189,"Kent, Acevedo and Mcdaniel",342,Comics,Enhanced encompassing frame,t,https://picsum.photos/320/200/?random189,9689.20,7573.98,2018-03-21 01:08:02,2018-04-04 14:54:24
190,"Francis, Flowers and Harvey",251,Film & Video,Fundamental impactful attitude,t,https://picsum.photos/320/200/?random190,2718.50,2677.63,2018-03-19 18:12:51,2018-03-20 00:51:51
191,Cannon Group,369,Technology,Stand-alone asynchronous architecture,t,https://picsum.photos/320/200/?random191,8361.94,6926.71,2018-03-21 19:08:20,2018-05-08 04:24:38
192,Ferguson-Newton,211,Film & Video,Versatile uniform emulation,t,https://picsum.photos/320/200/?random192,6327.43,1889.86,2018-03-22 13:05:56,2018-03-27 22:36:23
193,Contreras Group,950,Art,Synergistic 24/7 portal,t,https://picsum.photos/320/200/?random193,4772.35,1644.53,2018-03-19 17:19:48,2018-04-06 09:09:50
194,Durham-Gonzalez,286,Design,Adaptive full-range analyzer,t,https://picsum.photos/320/200/?random194,764.99,7384.10,2018-04-01 16:47:24,2018-04-30 11:27:38
195,Griffin LLC,11,Dance,Business-focused static approach,t,https://picsum.photos/320/200/?random195,9776.88,6241.09,2018-04-10 08:36:23,2018-04-26 14:14:56
196,"Williams, Brown and Bennett",505,Games,Open-source bottom-line attitude,t,https://picsum.photos/320/200/?random196,9806.71,1689.81,2018-04-01 07:03:29,2018-04-21 08:03:31
197,"Gallegos, Anderson and Phillips",882,Food,Integrated fresh-thinking hub,t,https://picsum.photos/320/200/?random197,8966.68,8078.67,2018-03-27 12:24:58,2018-04-07 21:37:15
198,"Garcia, Brown and Harper",989,Crafts,Reverse-engineered holistic system engine,t,https://picsum.photos/320/200/?random198,5923.32,3029.33,2018-03-14 09:07:27,2018-03-23 02:03:43
199,"Johnson, Campbell and James",313,Music,Innovative uniform process improvement,t,https://picsum.photos/320/200/?random199,68.37,7471.99,2018-03-21 22:17:19,2018-05-06 00:51:56
200,Patterson-Hill,95,Design,Profit-focused discrete open architecture,t,https://picsum.photos/320/200/?random200,3235.22,7460.50,2018-03-31 00:42:51,2018-04-27 19:45:59
201,Rogers-Ellis,104,Theater,Fundamental fresh-thinking policy,t,https://picsum.photos/320/200/?random201,2281.24,4857.19,2018-04-06 15:12:01,2018-04-26 03:07:40
202,Nichols-Waters,131,Comics,Customizable value-added hub,t,https://picsum.photos/320/200/?random202,1585.93,9555.74,2018-04-09 21:06:45,2018-04-19 00:55:23
203,Guerra and Sons,636,Games,Secured eco-centric structure,t,https://picsum.photos/320/200/?random203,3326.07,5569.43,2018-03-21 10:30:14,2018-04-28 16:07:34
204,Hughes and Sons,419,Design,Synergized neutral Graphic Interface,t,https://picsum.photos/320/200/?random204,5825.98,5438.30,2018-03-30 16:48:00,2018-04-29 07:39:43
205,Turner-Ross,188,Comics,Virtual radical application,t,https://picsum.photos/320/200/?random205,2075.96,5399.21,2018-04-05 12:12:22,2018-04-13 08:36:50
206,Fuller Inc,3,Dance,Optimized reciprocal frame,t,https://picsum.photos/320/200/?random206,3361.65,8056.83,2018-03-16 17:00:04,2018-03-18 09:27:47
207,"Banks, Garcia and Bautista",270,Dance,Distributed eco-centric emulation,t,https://picsum.photos/320/200/?random207,5899.79,6386.08,2018-03-24 18:37:32,2018-04-12 18:14:25
208,"Adams, Werner and Edwards",33,Design,Automated systemic process improvement,t,https://picsum.photos/320/200/?random208,4969.87,1058.98,2018-03-27 22:57:26,2018-04-20 00:28:48
209,Perry-Cowan,642,Design,Programmable well-modulated infrastructure,t,https://picsum.photos/320/200/?random209,454.69,2382.28,2018-04-10 15:10:25,2018-04-24 08:25:09
210,"Villegas, Garcia and Olsen",922,Film & Video,Polarized 5thgeneration throughput,t,https://picsum.photos/320/200/?random210,2573.27,2428.57,2018-04-07 04:42:31,2018-04-09 15:26:07
211,"Warren, Jacobs and Cuevas",788,Film & Video,De-engineered maximized task-force,t,https://picsum.photos/320/200/?random211,5437.04,444.39,2018-03-22 16:21:03,2018-04-07 19:54:36
212,Oconnell-Brown,226,Comics,Programmable user-facing website,t,https://picsum.photos/320/200/?random212,9394.62,9692.87,2018-04-05 02:44:08,2018-05-07 09:09:37
213,Lynch-Williams,246,Theater,Devolved mobile framework,t,https://picsum.photos/320/200/?random213,5323.17,6802.58,2018-03-20 18:48:40,2018-04-04 18:39:39
214,Edwards Group,835,Technology,Open-source mobile benchmark,t,https://picsum.photos/320/200/?random214,6227.41,702.76,2018-03-16 15:12:17,2018-04-24 07:16:50
215,Parsons and Sons,642,Design,User-centric optimal challenge,t,https://picsum.photos/320/200/?random215,2951.20,4708.95,2018-04-07 02:57:18,2018-04-24 23:35:40
216,Bond-Williams,922,Music,Configurable 6thgeneration policy,t,https://picsum.photos/320/200/?random216,580.18,6314.14,2018-03-29 00:20:04,2018-04-05 17:04:18
217,"Brown, Gibbs and Anderson",616,Publishing,Mandatory discrete encoding,t,https://picsum.photos/320/200/?random217,7989.01,7822.16,2018-03-30 15:37:45,2018-04-20 13:33:14
218,Sanchez-Perez,870,Journalism,Switchable zero tolerance customer loyalty,t,https://picsum.photos/320/200/?random218,4230.63,1972.22,2018-03-12 08:10:10,2018-03-16 21:33:41
219,"Roberts, Hernandez and Pratt",196,Theater,Enhanced global software,t,https://picsum.photos/320/200/?random219,2926.40,2139.07,2018-03-22 04:21:11,2018-04-11 22:55:00
220,"Thomas, Lambert and Miller",489,Dance,Automated 5thgeneration solution,t,https://picsum.photos/320/200/?random220,4663.44,6049.12,2018-04-01 20:35:24,2018-05-09 22:01:08
221,"York, Williams and Wade",718,Music,Profit-focused eco-centric methodology,t,https://picsum.photos/320/200/?random221,1830.41,4456.52,2018-03-15 20:32:30,2018-04-23 13:52:10
222,"Howard, Torres and Delgado",315,Fashion,Proactive multimedia interface,t,https://picsum.photos/320/200/?random222,9815.22,2461.88,2018-03-14 05:39:33,2018-05-02 15:28:55
223,Johnson-Dodson,676,Journalism,Implemented multi-tasking portal,t,https://picsum.photos/320/200/?random223,4507.91,9721.41,2018-04-02 14:00:32,2018-04-22 00:40:03
224,Santos-Kim,152,Dance,Innovative client-server help-desk,t,https://picsum.photos/320/200/?random224,9217.49,4344.44,2018-03-30 03:14:12,2018-04-08 05:38:21
225,Powell Ltd,191,Crafts,Public-key foreground Internet solution,t,https://picsum.photos/320/200/?random225,7478.07,8789.48,2018-03-23 03:20:30,2018-04-03 13:56:32
226,Walker-Thompson,946,Publishing,Exclusive coherent database,t,https://picsum.photos/320/200/?random226,1743.10,7323.95,2018-03-27 06:36:36,2018-03-29 11:52:24
227,"Kennedy, Sanford and Pope",729,Games,Distributed non-volatile ability,t,https://picsum.photos/320/200/?random227,2639.14,1159.40,2018-03-25 05:09:46,2018-04-11 00:20:01
228,Townsend-Roberts,749,Comics,Ameliorated cohesive groupware,t,https://picsum.photos/320/200/?random228,4763.47,5288.62,2018-04-08 06:11:15,2018-04-12 08:18:29
229,Sutton-Joyce,791,Comics,Grass-roots 6thgeneration database,t,https://picsum.photos/320/200/?random229,6567.25,5076.61,2018-04-08 12:09:00,2018-05-05 18:22:01
230,"Ward, Shepard and Rodriguez",800,Theater,Innovative discrete artificial intelligence,t,https://picsum.photos/320/200/?random230,7146.28,530.35,2018-03-12 02:04:35,2018-04-30 05:36:48
231,"Newman, Lawson and Fox",430,Publishing,Assimilated logistical projection,t,https://picsum.photos/320/200/?random231,7209.19,1036.26,2018-03-31 03:29:15,2018-04-18 06:57:39
232,"Taylor, Klein and Pitts",205,Film & Video,Realigned multimedia firmware,t,https://picsum.photos/320/200/?random232,9336.12,466.42,2018-04-10 20:45:46,2018-04-26 14:33:52
233,"George, Kramer and Curry",764,Design,Customizable solution-oriented protocol,t,https://picsum.photos/320/200/?random233,1707.87,6216.20,2018-03-29 16:05:37,2018-04-18 21:28:52
234,Dominguez-Brady,32,Photography,Vision-oriented cohesive open architecture,t,https://picsum.photos/320/200/?random234,6406.25,889.68,2018-03-14 21:55:55,2018-04-05 00:02:58
235,Ramos-Mack,950,Journalism,Future-proofed upward-trending task-force,t,https://picsum.photos/320/200/?random235,4784.25,160.41,2018-03-19 21:32:57,2018-04-08 23:19:23
236,Rojas-Johnson,182,Technology,Optimized directional focus group,t,https://picsum.photos/320/200/?random236,2754.64,819.36,2018-04-09 17:15:53,2018-05-02 04:20:04
237,Williams Ltd,875,Theater,Grass-roots even-keeled complexity,t,https://picsum.photos/320/200/?random237,7050.11,2762.31,2018-04-03 20:02:47,2018-04-27 04:26:22
238,Kane Ltd,208,Photography,Reduced human-resource throughput,t,https://picsum.photos/320/200/?random238,5345.55,3259.21,2018-04-09 14:17:53,2018-04-16 15:47:01
239,"Sanchez, Velez and Manning",753,Design,Focused leadingedge alliance,t,https://picsum.photos/320/200/?random239,9850.80,936.39,2018-03-19 19:47:58,2018-05-05 01:52:33
240,Peterson PLC,854,Design,Reverse-engineered systematic process improvement,t,https://picsum.photos/320/200/?random240,3990.91,9891.50,2018-04-07 20:17:30,2018-05-04 00:14:14
241,"Vaughan, Flores and Howell",42,Music,Persistent motivating ability,t,https://picsum.photos/320/200/?random241,8520.03,9025.97,2018-03-31 01:01:10,2018-04-20 15:58:26
242,Jacobson Group,438,Fashion,Cross-platform leadingedge portal,t,https://picsum.photos/320/200/?random242,1279.65,8785.04,2018-04-05 10:58:01,2018-04-20 12:22:55
243,"Brown, Wheeler and Fritz",497,Art,Phased responsive time-frame,t,https://picsum.photos/320/200/?random243,6091.10,956.67,2018-04-10 09:47:43,2018-04-21 12:52:11
244,Blackwell Group,337,Design,Implemented object-oriented access,t,https://picsum.photos/320/200/?random244,8464.71,9145.21,2018-04-05 15:40:13,2018-04-19 17:35:36
245,"Williams, Spencer and Rice",534,Technology,Centralized value-added database,t,https://picsum.photos/320/200/?random245,203.69,3980.73,2018-03-27 08:23:45,2018-04-24 16:22:34
246,Wilson-Lawrence,751,Music,Versatile multi-state definition,t,https://picsum.photos/320/200/?random246,9893.82,4891.20,2018-04-10 06:57:53,2018-04-17 00:06:42
247,Jones-Paul,694,Food,User-centric foreground extranet,t,https://picsum.photos/320/200/?random247,8130.61,9627.32,2018-04-08 01:07:08,2018-05-08 00:31:15
248,Rodriguez and Sons,11,Music,Optimized zero tolerance standardization,t,https://picsum.photos/320/200/?random248,1111.88,2734.67,2018-04-04 17:01:00,2018-05-04 00:39:00
249,Stevens PLC,436,Publishing,Enterprise-wide object-oriented challenge,t,https://picsum.photos/320/200/?random249,1349.31,4870.77,2018-04-02 16:17:23,2018-04-10 20:21:50
250,Reeves LLC,389,Food,Down-sized attitude-oriented circuit,t,https://picsum.photos/320/200/?random250,5288.27,7359.83,2018-03-26 01:40:23,2018-05-05 10:14:57
251,Cox-Thomas,227,Dance,Grass-roots stable knowledgebase,t,https://picsum.photos/320/200/?random251,9888.01,8330.65,2018-04-06 03:23:39,2018-04-14 01:26:01
252,Campos-Kennedy,898,Comics,Secured regional neural-net,t,https://picsum.photos/320/200/?random252,4415.84,2006.47,2018-03-24 10:04:55,2018-05-10 04:05:39
253,Hood-Chavez,339,Games,Synergized bottom-line moratorium,t,https://picsum.photos/320/200/?random253,5657.30,359.39,2018-03-15 22:14:40,2018-04-19 01:07:08
254,Tran-Mccullough,215,Publishing,Open-source client-driven solution,t,https://picsum.photos/320/200/?random254,6131.40,1539.69,2018-04-02 15:25:21,2018-04-15 06:48:04
255,"George, Wright and Foster",184,Games,Reverse-engineered object-oriented service-desk,t,https://picsum.photos/320/200/?random255,9103.44,1169.12,2018-03-13 23:38:35,2018-05-02 00:53:12
256,Wilson Inc,237,Comics,Re-contextualized encompassing paradigm,t,https://picsum.photos/320/200/?random256,5575.41,4476.24,2018-04-03 06:37:52,2018-04-26 06:14:17
257,Young-George,582,Crafts,Self-enabling bi-directional flexibility,t,https://picsum.photos/320/200/?random257,2076.03,4256.92,2018-03-17 07:54:59,2018-05-03 03:30:43
258,"Coleman, Valencia and Armstrong",775,Music,Grass-roots encompassing initiative,t,https://picsum.photos/320/200/?random258,1242.50,9538.45,2018-04-06 02:50:04,2018-05-06 15:06:06
259,Ferguson-Gonzales,173,Design,Stand-alone exuding neural-net,t,https://picsum.photos/320/200/?random259,5395.10,5460.04,2018-04-05 19:43:24,2018-04-18 07:51:31
260,Walton and Sons,73,Technology,Right-sized reciprocal parallelism,t,https://picsum.photos/320/200/?random260,9503.40,6270.77,2018-03-24 21:30:21,2018-04-11 01:30:51
261,Benitez-Robertson,956,Theater,Organic radical application,t,https://picsum.photos/320/200/?random261,5019.82,8579.63,2018-03-15 10:31:01,2018-04-06 15:04:56
262,Mason PLC,554,Technology,Down-sized radical architecture,t,https://picsum.photos/320/200/?random262,3473.80,9490.79,2018-04-08 20:01:51,2018-04-22 07:21:35
263,Wang-Marsh,156,Publishing,Multi-tiered zero tolerance adapter,t,https://picsum.photos/320/200/?random263,610.63,3351.80,2018-04-03 08:18:01,2018-04-03 20:52:55
264,"Potts, Ruiz and David",292,Crafts,Managed incremental functionalities,t,https://picsum.photos/320/200/?random264,4107.03,3895.30,2018-03-12 20:22:08,2018-03-22 19:42:17
265,Jenkins Group,518,Theater,Front-line object-oriented policy,t,https://picsum.photos/320/200/?random265,4968.92,1730.07,2018-03-26 11:00:00,2018-05-10 04:24:32
266,"Hernandez, Lewis and Munoz",538,Fashion,User-centric zero tolerance knowledgebase,t,https://picsum.photos/320/200/?random266,7327.37,242.32,2018-04-08 21:13:31,2018-04-11 09:50:50
267,Simmons PLC,579,Games,Cross-platform asymmetric initiative,t,https://picsum.photos/320/200/?random267,1416.13,5763.94,2018-03-20 06:29:24,2018-03-24 23:46:53
268,"Parks, Carroll and Hester",297,Food,Reactive reciprocal capacity,t,https://picsum.photos/320/200/?random268,7073.90,6858.49,2018-03-23 02:49:28,2018-05-04 11:40:32
269,Montgomery PLC,159,Dance,Cloned solution-oriented ability,t,https://picsum.photos/320/200/?random269,3265.77,7712.45,2018-03-27 08:39:11,2018-04-26 16:21:49
270,Jefferson LLC,821,Games,Cloned global task-force,t,https://picsum.photos/320/200/?random270,719.32,4728.77,2018-03-30 19:35:37,2018-04-19 02:45:40
271,Schaefer-Moore,158,Art,Inverse content-based leverage,t,https://picsum.photos/320/200/?random271,6848.79,1118.77,2018-03-21 04:30:15,2018-04-05 12:11:08
272,"Green, Moran and Velez",425,Film & Video,User-friendly multimedia portal,t,https://picsum.photos/320/200/?random272,7061.49,1480.96,2018-03-30 03:10:08,2018-05-03 04:49:16
273,"Gomez, Burnett and Fischer",239,Design,Progressive 24hour database,t,https://picsum.photos/320/200/?random273,6507.94,7229.13,2018-04-07 06:12:22,2018-04-14 12:31:32
274,Travis Ltd,784,Film & Video,Horizontal full-range frame,t,https://picsum.photos/320/200/?random274,1768.84,7023.77,2018-03-29 02:30:45,2018-04-11 00:12:57
275,Warren-Garcia,52,Comics,Operative attitude-oriented algorithm,t,https://picsum.photos/320/200/?random275,8437.20,3081.16,2018-03-24 19:06:57,2018-04-17 23:02:02
276,Saunders-Williamson,628,Publishing,Seamless needs-based database,t,https://picsum.photos/320/200/?random276,9824.29,2752.98,2018-04-02 13:41:28,2018-04-10 01:26:38
277,Brown-Whitaker,281,Publishing,User-centric national system engine,t,https://picsum.photos/320/200/?random277,731.70,3962.23,2018-03-17 15:23:49,2018-04-30 11:51:09
278,Gay-Rios,742,Crafts,Pre-emptive maximized architecture,t,https://picsum.photos/320/200/?random278,9628.07,6458.88,2018-03-31 19:55:26,2018-04-22 03:24:43
279,Green-Khan,46,Technology,De-engineered dynamic migration,t,https://picsum.photos/320/200/?random279,7860.35,1870.56,2018-04-03 09:13:21,2018-04-11 09:45:38
280,Ochoa-Johnson,799,Crafts,Multi-tiered asymmetric structure,t,https://picsum.photos/320/200/?random280,1523.05,583.20,2018-03-25 13:59:22,2018-04-27 15:12:10
281,Moore-Armstrong,410,Film & Video,Secured empowering array,t,https://picsum.photos/320/200/?random281,9643.20,9423.10,2018-04-05 11:36:28,2018-04-20 10:52:33
282,Murray-Mckenzie,314,Technology,Robust leadingedge help-desk,t,https://picsum.photos/320/200/?random282,3911.49,2696.83,2018-03-20 21:08:24,2018-04-26 09:31:59
283,Hart-Porter,61,Photography,Visionary clear-thinking application,t,https://picsum.photos/320/200/?random283,171.23,5843.24,2018-03-30 21:49:07,2018-04-18 18:59:17
284,"Huffman, Roth and Jones",499,Dance,Business-focused motivating project,t,https://picsum.photos/320/200/?random284,3341.67,4117.06,2018-03-21 06:20:47,2018-05-05 20:43:16
285,"Smith, Thomas and Alexander",347,Crafts,Open-architected bottom-line implementation,t,https://picsum.photos/320/200/?random285,7424.79,5106.90,2018-03-25 23:19:48,2018-05-06 07:17:39
286,Parker-Singh,806,Design,Synergized user-facing firmware,t,https://picsum.photos/320/200/?random286,7457.84,3028.61,2018-03-18 21:19:57,2018-05-06 18:51:03
287,"Perez, Matthews and Smith",990,Food,Reduced stable leverage,t,https://picsum.photos/320/200/?random287,3337.44,9904.82,2018-03-16 16:12:50,2018-04-25 21:26:06
288,"Kaufman, Hardy and Robinson",159,Theater,Expanded dedicated structure,t,https://picsum.photos/320/200/?random288,2715.70,5965.81,2018-03-16 10:25:12,2018-05-08 06:55:56
289,"Johnson, Gardner and Harris",254,Food,Implemented human-resource pricing structure,t,https://picsum.photos/320/200/?random289,6492.69,9419.48,2018-03-14 13:16:13,2018-04-19 02:40:15
290,Torres-Wade,972,Crafts,Versatile dedicated definition,t,https://picsum.photos/320/200/?random290,8960.82,351.84,2018-03-28 05:22:43,2018-05-06 09:55:05
291,Martin Inc,514,Photography,Open-source bottom-line task-force,t,https://picsum.photos/320/200/?random291,3229.44,4931.38,2018-04-06 11:38:02,2018-04-12 05:07:42
292,Wood-Johnson,559,Film & Video,Synchronized global secured line,t,https://picsum.photos/320/200/?random292,5459.36,371.04,2018-03-31 08:11:36,2018-05-08 10:16:45
293,House-Sweeney,554,Film & Video,Synergistic systematic firmware,t,https://picsum.photos/320/200/?random293,3588.54,5610.27,2018-03-19 04:06:31,2018-04-10 10:34:19
294,"Andrade, Holland and Lopez",91,Fashion,Implemented dedicated array,t,https://picsum.photos/320/200/?random294,2153.88,8413.61,2018-03-25 06:18:33,2018-04-25 08:00:40
295,Hansen PLC,779,Dance,Fully-configurable optimal benchmark,t,https://picsum.photos/320/200/?random295,3870.70,3645.76,2018-03-15 22:10:11,2018-04-09 18:17:31
296,Massey PLC,550,Publishing,Cross-group 5thgeneration budgetary management,t,https://picsum.photos/320/200/?random296,3065.80,3713.95,2018-03-20 18:29:36,2018-03-31 13:15:58
297,"Thomas, Rodriguez and Mullins",967,Design,Diverse even-keeled moderator,t,https://picsum.photos/320/200/?random297,369.76,7727.29,2018-03-14 04:58:29,2018-04-07 05:46:22
298,"Hubbard, Parker and Ruiz",552,Fashion,Adaptive context-sensitive definition,t,https://picsum.photos/320/200/?random298,7872.05,8654.39,2018-03-23 07:45:49,2018-03-29 11:25:45
299,Barron PLC,146,Comics,Intuitive impactful knowledge user,t,https://picsum.photos/320/200/?random299,9233.79,3075.32,2018-04-06 09:10:11,2018-05-10 13:15:38
300,Richards PLC,222,Publishing,Virtual asymmetric concept,t,https://picsum.photos/320/200/?random300,5384.47,3422.98,2018-03-22 05:08:08,2018-04-28 06:46:28
301,"Rodriguez, Davis and Willis",329,Dance,Polarized human-resource forecast,t,https://picsum.photos/320/200/?random301,7803.07,8316.81,2018-04-06 21:58:54,2018-05-08 11:45:09
302,"Poole, Weaver and Pierce",467,Dance,Integrated clear-thinking contingency,t,https://picsum.photos/320/200/?random302,4463.94,5218.02,2018-04-10 08:04:36,2018-05-03 00:33:48
303,"Stephens, Stone and Osborn",872,Design,Multi-layered context-sensitive architecture,t,https://picsum.photos/320/200/?random303,3891.84,6164.98,2018-03-25 04:12:09,2018-04-08 13:20:36
304,Douglas Group,740,Photography,Configurable full-range software,t,https://picsum.photos/320/200/?random304,3683.04,1695.08,2018-04-01 15:18:56,2018-05-05 22:13:34
305,"Johnson, Roth and Clarke",23,Journalism,Organic optimizing middleware,t,https://picsum.photos/320/200/?random305,2962.31,9619.90,2018-03-31 21:27:56,2018-05-09 23:55:44
306,Lee-Perez,86,Games,Phased intermediate info-mediaries,t,https://picsum.photos/320/200/?random306,5807.77,8451.68,2018-03-27 07:47:13,2018-05-07 22:11:21
307,Spencer PLC,78,Photography,Synergized even-keeled groupware,t,https://picsum.photos/320/200/?random307,490.55,1344.65,2018-03-21 15:37:00,2018-04-19 10:36:53
308,"Bennett, King and Humphrey",968,Theater,Vision-oriented national process improvement,t,https://picsum.photos/320/200/?random308,3308.94,1238.43,2018-04-03 07:09:47,2018-05-03 23:48:27
309,Allen-Bryant,166,Music,Networked maximized application,t,https://picsum.photos/320/200/?random309,7216.65,5180.18,2018-04-04 07:27:50,2018-04-28 19:47:41
310,Lee PLC,686,Crafts,Distributed maximized time-frame,t,https://picsum.photos/320/200/?random310,9919.54,6130.93,2018-03-27 09:16:55,2018-04-17 15:45:18
311,Owens Inc,237,Comics,Profit-focused methodical process improvement,t,https://picsum.photos/320/200/?random311,4851.56,3469.03,2018-04-05 11:51:13,2018-05-10 10:16:53
312,Joseph-Brown,739,Theater,Integrated static process improvement,t,https://picsum.photos/320/200/?random312,5337.20,3760.27,2018-03-15 04:08:32,2018-04-03 18:54:30
313,Harrell Inc,363,Theater,Organic eco-centric focus group,t,https://picsum.photos/320/200/?random313,5979.35,4709.37,2018-03-13 03:55:37,2018-03-23 22:10:36
314,"Willis, Yates and George",741,Food,Face-to-face directional productivity,t,https://picsum.photos/320/200/?random314,8292.63,3093.94,2018-04-09 11:46:22,2018-05-04 17:48:51
315,Terry PLC,717,Fashion,Extended fault-tolerant model,t,https://picsum.photos/320/200/?random315,2529.22,6415.39,2018-04-04 22:52:52,2018-04-27 17:15:15
316,Valdez Ltd,416,Theater,Extended value-added neural-net,t,https://picsum.photos/320/200/?random316,4606.72,6787.18,2018-04-07 13:15:58,2018-04-27 03:51:59
317,Walton and Sons,918,Art,Ameliorated executive knowledge user,t,https://picsum.photos/320/200/?random317,2473.55,6738.43,2018-03-25 17:09:36,2018-04-21 21:12:21
318,Martinez LLC,577,Food,Ergonomic reciprocal challenge,t,https://picsum.photos/320/200/?random318,3762.91,2390.84,2018-03-21 08:45:46,2018-03-29 14:01:55
319,Reyes PLC,119,Food,Robust hybrid toolset,t,https://picsum.photos/320/200/?random319,3913.48,8340.78,2018-04-01 01:09:10,2018-05-05 18:57:41
320,"Lewis, Morales and Castro",676,Photography,Virtual real-time toolset,t,https://picsum.photos/320/200/?random320,326.31,7454.10,2018-03-19 23:57:24,2018-03-23 19:11:09
321,Mendez Ltd,263,Music,Focused uniform product,t,https://picsum.photos/320/200/?random321,7040.22,1827.71,2018-04-04 10:52:35,2018-04-12 03:53:16
322,"Smith, Vargas and Graham",113,Comics,Cross-platform motivating complexity,t,https://picsum.photos/320/200/?random322,9366.60,6356.00,2018-03-23 23:37:19,2018-04-27 02:34:45
323,"Vincent, Gray and Duncan",347,Theater,Centralized disintermediate workforce,t,https://picsum.photos/320/200/?random323,9631.28,7685.61,2018-03-12 20:58:51,2018-04-29 20:50:39
324,Gross-Bell,176,Theater,Right-sized tangible project,t,https://picsum.photos/320/200/?random324,5558.99,6325.30,2018-04-02 01:37:58,2018-04-21 01:29:08
325,"Becker, Lopez and Sullivan",786,Theater,Vision-oriented responsive architecture,t,https://picsum.photos/320/200/?random325,5919.41,8972.21,2018-04-09 07:29:05,2018-04-29 03:56:55
326,"Griffin, Walter and Edwards",319,Dance,Function-based dedicated open system,t,https://picsum.photos/320/200/?random326,7637.57,7998.72,2018-04-10 05:50:07,2018-04-17 03:13:14
327,Miller-Wiggins,889,Music,Programmable bifurcated analyzer,t,https://picsum.photos/320/200/?random327,9101.58,1485.84,2018-03-22 10:54:56,2018-04-16 20:27:34
328,"Lee, Rodriguez and Ross",764,Comics,Reverse-engineered client-server structure,t,https://picsum.photos/320/200/?random328,3746.91,9851.88,2018-03-25 06:14:08,2018-04-12 07:32:21
329,"Jones, Villanueva and Wong",606,Theater,Ergonomic executive throughput,t,https://picsum.photos/320/200/?random329,2523.67,7966.94,2018-04-04 06:36:09,2018-04-18 09:58:11
330,Hampton-Key,789,Publishing,Optimized contextually-based strategy,t,https://picsum.photos/320/200/?random330,5600.13,1008.41,2018-04-05 17:31:48,2018-05-03 12:00:56
331,Allen and Sons,65,Technology,Down-sized optimizing infrastructure,t,https://picsum.photos/320/200/?random331,8859.75,3817.08,2018-04-09 08:54:58,2018-05-03 19:13:23
332,Gonzalez-Hughes,378,Fashion,Networked national firmware,t,https://picsum.photos/320/200/?random332,455.11,4342.02,2018-04-08 08:17:31,2018-04-11 16:37:49
333,"Perry, Wise and Johnston",456,Fashion,Intuitive non-volatile instruction set,t,https://picsum.photos/320/200/?random333,2412.97,4871.11,2018-04-03 01:37:41,2018-04-26 03:45:22
334,"Collins, Morse and Stevens",617,Art,Devolved demand-driven pricing structure,t,https://picsum.photos/320/200/?random334,1638.39,353.57,2018-03-13 17:09:02,2018-04-24 17:38:56
335,Miller and Sons,677,Design,Managed explicit toolset,t,https://picsum.photos/320/200/?random335,7160.34,9274.67,2018-03-22 07:11:44,2018-04-25 04:43:41
336,Baker Ltd,592,Games,Business-focused reciprocal toolset,t,https://picsum.photos/320/200/?random336,5069.95,3951.04,2018-03-12 20:07:30,2018-04-14 02:31:50
337,Stewart LLC,507,Technology,Horizontal neutral approach,t,https://picsum.photos/320/200/?random337,5137.66,2393.95,2018-03-24 04:15:37,2018-04-03 05:48:40
338,Martinez Group,182,Crafts,Object-based reciprocal software,t,https://picsum.photos/320/200/?random338,3226.31,6970.88,2018-03-22 13:17:39,2018-05-05 12:50:41
339,House LLC,15,Food,Persistent high-level conglomeration,t,https://picsum.photos/320/200/?random339,5227.88,5509.20,2018-04-06 01:43:47,2018-04-11 05:59:25
340,"Riley, Williams and Fernandez",184,Publishing,Operative 6thgeneration circuit,t,https://picsum.photos/320/200/?random340,52.01,4457.53,2018-03-12 12:53:48,2018-04-06 14:53:04
341,Zimmerman-Adams,820,Art,Exclusive empowering capability,t,https://picsum.photos/320/200/?random341,2585.38,3846.01,2018-03-13 08:30:59,2018-05-06 21:42:47
342,Smith Inc,253,Design,Reactive tertiary software,t,https://picsum.photos/320/200/?random342,3141.83,5637.77,2018-03-24 04:53:16,2018-03-30 08:53:55
343,Blevins-Hamilton,280,Technology,Vision-oriented local framework,t,https://picsum.photos/320/200/?random343,3513.54,7077.72,2018-04-06 10:05:17,2018-04-16 14:02:08
344,Ortiz-Newman,864,Comics,Adaptive eco-centric architecture,t,https://picsum.photos/320/200/?random344,4802.62,1678.78,2018-03-14 14:38:21,2018-03-22 01:04:37
345,Hart Group,331,Design,Synchronized full-range secured line,t,https://picsum.photos/320/200/?random345,5506.79,3441.15,2018-04-04 10:52:53,2018-04-16 10:26:33
346,"Davidson, Lewis and Rodriguez",328,Technology,Enhanced background concept,t,https://picsum.photos/320/200/?random346,6357.82,8922.84,2018-03-21 20:34:32,2018-04-29 01:19:02
347,"Horn, Nelson and Williams",354,Games,Versatile modular data-warehouse,t,https://picsum.photos/320/200/?random347,6185.85,59.55,2018-04-05 01:48:51,2018-04-06 20:27:46
348,Jones Inc,297,Games,Profit-focused zero-defect utilization,t,https://picsum.photos/320/200/?random348,6975.63,8007.75,2018-04-03 15:12:06,2018-04-15 20:38:04
349,"Berry, Velazquez and Miller",39,Music,Inverse homogeneous open architecture,t,https://picsum.photos/320/200/?random349,5042.10,5083.06,2018-03-14 20:54:28,2018-04-29 16:36:42
350,"Wright, Baldwin and Fischer",346,Technology,Adaptive background projection,t,https://picsum.photos/320/200/?random350,5659.89,176.90,2018-04-07 18:27:54,2018-04-13 16:38:53
351,Guzman LLC,457,Comics,Versatile bottom-line Internet solution,t,https://picsum.photos/320/200/?random351,9615.55,4005.34,2018-03-22 19:03:18,2018-04-09 05:42:50
352,"Nicholson, Elliott and Nelson",466,Games,Configurable fresh-thinking strategy,t,https://picsum.photos/320/200/?random352,868.48,3000.16,2018-03-21 10:13:29,2018-04-21 17:42:02
353,"Moran, Stevens and Faulkner",926,Journalism,Profit-focused fault-tolerant migration,t,https://picsum.photos/320/200/?random353,1971.94,268.36,2018-03-13 16:20:22,2018-03-24 09:44:56
354,Campbell-Diaz,860,Fashion,Open-source mission-critical knowledge user,t,https://picsum.photos/320/200/?random354,922.57,6493.67,2018-03-14 21:13:56,2018-03-18 22:49:25
355,"Jordan, Hess and Davis",607,Theater,Virtual bi-directional toolset,t,https://picsum.photos/320/200/?random355,6813.80,7519.67,2018-03-14 05:38:47,2018-04-23 09:31:49
356,Medina-Fox,215,Games,Intuitive web-enabled application,t,https://picsum.photos/320/200/?random356,8600.85,5523.72,2018-04-07 01:17:47,2018-04-18 05:40:17
357,"Huff, Russell and Wright",950,Design,Quality-focused bottom-line emulation,t,https://picsum.photos/320/200/?random357,6554.74,9710.71,2018-03-14 21:15:42,2018-04-20 22:10:27
358,"Hudson, Wright and Garner",174,Comics,Multi-lateral interactive infrastructure,t,https://picsum.photos/320/200/?random358,1841.46,712.75,2018-03-22 05:59:55,2018-04-03 13:55:40
359,"Vang, Horne and Clark",460,Games,Managed global capability,t,https://picsum.photos/320/200/?random359,6667.74,7588.93,2018-03-22 04:50:25,2018-04-06 05:14:48
360,Daniels-Powell,118,Fashion,User-friendly bifurcated analyzer,t,https://picsum.photos/320/200/?random360,7851.70,2827.64,2018-04-08 05:18:34,2018-05-04 20:59:32
361,Greene Ltd,603,Film & Video,User-centric optimal interface,t,https://picsum.photos/320/200/?random361,9999.64,7443.08,2018-03-26 13:20:21,2018-04-30 03:35:09
362,"Bennett, Hogan and Saunders",857,Dance,Upgradable impactful service-desk,t,https://picsum.photos/320/200/?random362,2959.47,7905.13,2018-03-28 22:59:27,2018-05-08 16:26:39
363,Ward LLC,670,Film & Video,Visionary 6thgeneration function,t,https://picsum.photos/320/200/?random363,9259.22,2206.50,2018-03-17 09:12:52,2018-03-29 19:40:13
364,"Combs, Fleming and Conway",903,Food,Fully-configurable non-volatile policy,t,https://picsum.photos/320/200/?random364,9944.87,8726.24,2018-04-04 08:48:15,2018-04-08 09:38:24
365,Smith-Brown,243,Food,Ameliorated actuating array,t,https://picsum.photos/320/200/?random365,4983.59,5600.62,2018-04-01 06:35:20,2018-05-07 09:33:56
366,Morgan and Sons,990,Film & Video,Visionary asymmetric system engine,t,https://picsum.photos/320/200/?random366,7109.35,7509.12,2018-03-29 15:24:50,2018-04-26 08:35:18
367,Pittman Ltd,700,Crafts,Organic responsive open system,t,https://picsum.photos/320/200/?random367,7117.41,8659.27,2018-03-27 03:46:01,2018-03-28 21:52:51
368,Garcia-Barnes,25,Games,Object-based attitude-oriented intranet,t,https://picsum.photos/320/200/?random368,5415.88,7446.53,2018-04-01 14:57:22,2018-04-15 07:54:25
369,Vega-Thomas,370,Technology,Open-architected eco-centric flexibility,t,https://picsum.photos/320/200/?random369,7906.92,8718.37,2018-03-25 01:47:38,2018-04-09 00:21:34
370,"Winters, Sanchez and Richardson",601,Fashion,Synchronized systemic complexity,t,https://picsum.photos/320/200/?random370,3618.57,9729.40,2018-04-10 11:15:01,2018-05-10 14:12:44
371,Weeks-Kelley,577,Games,Team-oriented radical definition,t,https://picsum.photos/320/200/?random371,7575.59,4423.71,2018-04-02 11:37:12,2018-04-12 12:23:49
372,"Garrison, Sanchez and Rivera",320,Fashion,Down-sized foreground service-desk,t,https://picsum.photos/320/200/?random372,8230.27,4938.35,2018-04-09 17:54:36,2018-04-22 19:25:45
373,Oliver Inc,615,Games,Secured encompassing capacity,t,https://picsum.photos/320/200/?random373,4418.87,5694.09,2018-03-31 10:03:49,2018-05-10 16:44:46
374,Jones Ltd,374,Technology,Open-architected demand-driven frame,t,https://picsum.photos/320/200/?random374,4839.62,4058.59,2018-03-21 20:14:09,2018-04-12 20:22:20
375,Reynolds and Sons,720,Theater,Synergistic background portal,t,https://picsum.photos/320/200/?random375,9311.35,9299.55,2018-04-05 07:03:56,2018-05-01 17:52:45
376,Holmes PLC,825,Food,Networked multimedia interface,t,https://picsum.photos/320/200/?random376,9783.26,4321.60,2018-03-23 18:08:47,2018-03-27 02:47:17
377,"Olson, Fisher and Miller",37,Food,Business-focused full-range system engine,t,https://picsum.photos/320/200/?random377,708.80,9922.29,2018-03-31 06:59:13,2018-04-02 18:43:40
378,"Moore, Jackson and Sanders",493,Music,Down-sized 3rdgeneration process improvement,t,https://picsum.photos/320/200/?random378,7348.20,8126.03,2018-03-12 02:18:15,2018-04-21 19:41:11
379,Smith PLC,892,Food,Monitored content-based encryption,t,https://picsum.photos/320/200/?random379,9504.93,7384.64,2018-04-10 16:00:32,2018-05-07 00:21:46
380,Thornton and Sons,357,Film & Video,Expanded fault-tolerant firmware,t,https://picsum.photos/320/200/?random380,4985.29,4679.18,2018-03-27 12:24:32,2018-04-13 20:28:49
381,"Molina, Garrett and Monroe",52,Photography,Polarized solution-oriented collaboration,t,https://picsum.photos/320/200/?random381,4318.28,7817.99,2018-03-17 02:40:56,2018-04-04 11:22:09
382,Cole-Mathews,194,Film & Video,Sharable maximized algorithm,t,https://picsum.photos/320/200/?random382,7372.14,4190.20,2018-04-05 09:23:12,2018-04-23 02:43:44
383,Clayton-Zimmerman,707,Comics,Multi-tiered coherent approach,t,https://picsum.photos/320/200/?random383,871.61,6608.85,2018-04-05 13:46:16,2018-04-11 12:43:05
384,Sanchez Group,749,Publishing,Inverse object-oriented Internet solution,t,https://picsum.photos/320/200/?random384,8709.93,4940.72,2018-03-31 15:57:18,2018-04-27 06:11:32
385,Myers-Gomez,560,Crafts,Sharable local matrix,t,https://picsum.photos/320/200/?random385,3453.21,8207.43,2018-03-22 19:51:24,2018-05-09 06:13:55
386,"Hicks, Nelson and Thompson",291,Comics,Versatile bandwidth-monitored service-desk,t,https://picsum.photos/320/200/?random386,8352.79,4549.66,2018-03-17 21:01:21,2018-05-02 21:31:39
387,Moreno-Taylor,667,Art,Synergized next generation policy,t,https://picsum.photos/320/200/?random387,3863.40,8378.39,2018-03-22 16:25:27,2018-04-29 20:45:22
388,Pennington Group,105,Music,Decentralized encompassing protocol,t,https://picsum.photos/320/200/?random388,5556.58,8563.02,2018-04-06 04:46:41,2018-04-23 08:22:43
389,Garrett Inc,720,Art,Expanded 4thgeneration support,t,https://picsum.photos/320/200/?random389,1447.27,1342.15,2018-03-22 19:03:30,2018-04-21 01:17:51
390,"Arroyo, Morales and Byrd",657,Publishing,Persevering even-keeled product,t,https://picsum.photos/320/200/?random390,952.26,9647.25,2018-04-10 07:17:33,2018-04-19 00:36:00
391,Nelson Inc,393,Art,Extended 4thgeneration attitude,t,https://picsum.photos/320/200/?random391,2420.03,9658.18,2018-03-23 14:10:44,2018-03-29 00:33:23
392,Petersen Inc,860,Publishing,Expanded bottom-line software,t,https://picsum.photos/320/200/?random392,5838.45,3957.59,2018-03-24 01:37:11,2018-04-20 12:47:37
393,Russell Ltd,537,Comics,Advanced leadingedge circuit,t,https://picsum.photos/320/200/?random393,7373.36,8931.81,2018-03-24 06:23:54,2018-04-11 18:08:37
394,"Torres, Hall and Turner",336,Design,Stand-alone upward-trending middleware,t,https://picsum.photos/320/200/?random394,1551.70,8603.49,2018-03-27 16:47:46,2018-04-23 05:23:36
395,Chavez-Robinson,13,Crafts,Integrated modular array,t,https://picsum.photos/320/200/?random395,5638.35,622.84,2018-03-26 20:00:49,2018-04-13 20:35:29
396,"Gonzales, Harris and Williams",348,Theater,Business-focused multi-state moratorium,t,https://picsum.photos/320/200/?random396,1716.56,9003.27,2018-03-21 06:00:05,2018-04-05 20:06:59
397,Braun Inc,839,Journalism,Intuitive composite project,t,https://picsum.photos/320/200/?random397,2251.58,7725.43,2018-04-02 16:24:17,2018-04-10 08:38:41
398,"Barton, Briggs and Parrish",311,Journalism,Ergonomic optimal time-frame,t,https://picsum.photos/320/200/?random398,2878.55,7165.35,2018-03-25 10:57:34,2018-04-30 01:45:46
399,Harris-Stewart,378,Art,Cross-platform well-modulated intranet,t,https://picsum.photos/320/200/?random399,4374.20,1955.13,2018-04-01 11:59:58,2018-04-17 03:49:38
400,Perez Inc,255,Publishing,Focused intermediate superstructure,t,https://picsum.photos/320/200/?random400,9156.24,1984.18,2018-04-08 11:28:09,2018-05-01 13:45:24
401,"Black, Anderson and Rivas",322,Photography,Ameliorated methodical functionalities,t,https://picsum.photos/320/200/?random401,4451.75,373.52,2018-03-17 11:06:54,2018-04-12 02:52:41
402,Pacheco Group,761,Games,Self-enabling responsive paradigm,t,https://picsum.photos/320/200/?random402,3936.27,4630.95,2018-04-07 14:47:39,2018-04-14 16:21:44
403,"Rodriguez, Cox and Walker",456,Publishing,Advanced leadingedge application,t,https://picsum.photos/320/200/?random403,9451.86,9349.31,2018-04-03 12:47:31,2018-04-24 01:08:17
404,Calhoun-Rogers,1000,Games,Centralized national analyzer,t,https://picsum.photos/320/200/?random404,6661.66,1796.73,2018-03-27 13:56:59,2018-04-21 17:06:55
405,Elliott Ltd,478,Film & Video,Customizable 3rdgeneration framework,t,https://picsum.photos/320/200/?random405,8060.41,1315.19,2018-03-26 17:30:26,2018-05-07 00:20:23
406,Reid LLC,315,Comics,Cloned multi-state open system,t,https://picsum.photos/320/200/?random406,6605.23,7725.99,2018-03-27 23:44:57,2018-04-16 20:52:11
407,Zuniga-Merritt,493,Comics,Adaptive zero-defect customer loyalty,t,https://picsum.photos/320/200/?random407,7461.35,2961.82,2018-03-18 02:49:39,2018-03-24 18:44:18
408,Morrison-Mosley,85,Art,Polarized foreground circuit,t,https://picsum.photos/320/200/?random408,337.03,2438.10,2018-03-12 05:53:31,2018-04-01 02:36:47
409,Kelly-Cook,32,Games,Synchronized logistical policy,t,https://picsum.photos/320/200/?random409,7468.22,6109.05,2018-03-17 21:12:21,2018-04-03 02:45:40
410,Smith-Crawford,124,Music,Proactive multi-state application,t,https://picsum.photos/320/200/?random410,1192.50,9777.19,2018-04-09 23:01:46,2018-04-16 10:38:18
411,Mcmahon LLC,938,Publishing,Grass-roots regional policy,t,https://picsum.photos/320/200/?random411,7524.41,4056.86,2018-03-30 18:24:13,2018-05-03 18:12:28
412,Ortega-Dunn,667,Theater,Public-key analyzing knowledge user,t,https://picsum.photos/320/200/?random412,5348.47,2880.03,2018-04-02 02:36:15,2018-05-10 08:20:45
413,Rivera PLC,173,Film & Video,Cross-platform hybrid functionalities,t,https://picsum.photos/320/200/?random413,8327.41,1964.65,2018-03-12 20:35:10,2018-04-09 06:09:00
414,Becker Group,420,Journalism,Up-sized asymmetric matrix,t,https://picsum.photos/320/200/?random414,9203.60,4916.26,2018-03-23 18:41:44,2018-03-25 14:34:29
415,Lindsey and Sons,630,Technology,Synergized eco-centric structure,t,https://picsum.photos/320/200/?random415,1413.15,9056.77,2018-03-12 20:14:03,2018-04-21 02:26:06
416,Parks Ltd,533,Photography,Organic tangible framework,t,https://picsum.photos/320/200/?random416,2984.04,651.68,2018-04-05 10:25:27,2018-04-20 05:55:33
417,"Young, Walker and Ramirez",204,Fashion,Cross-platform exuding Internet solution,t,https://picsum.photos/320/200/?random417,221.10,3701.10,2018-03-26 13:17:58,2018-04-05 22:26:11
418,Barnes-Porter,924,Design,Mandatory bandwidth-monitored circuit,t,https://picsum.photos/320/200/?random418,1163.15,169.50,2018-03-13 09:46:46,2018-04-14 01:42:11
419,"Andrade, Schneider and Dyer",263,Music,Virtual 3rdgeneration encoding,t,https://picsum.photos/320/200/?random419,7987.37,218.81,2018-04-09 06:33:11,2018-05-01 19:30:13
420,"Nixon, Rodriguez and Carpenter",861,Theater,Profit-focused real-time Local Area Network,t,https://picsum.photos/320/200/?random420,6164.50,3978.34,2018-03-17 14:18:04,2018-03-18 07:25:01
421,Madden-Smith,92,Publishing,Universal context-sensitive monitoring,t,https://picsum.photos/320/200/?random421,5621.67,4245.78,2018-03-29 00:36:10,2018-03-30 22:18:16
422,Thomas-Brown,300,Fashion,Multi-channeled logistical secured line,t,https://picsum.photos/320/200/?random422,9646.83,5217.21,2018-03-13 08:05:20,2018-03-27 07:54:27
423,Johnson-Hernandez,932,Photography,Organic zero administration architecture,t,https://picsum.photos/320/200/?random423,7675.63,4809.30,2018-03-30 08:58:33,2018-05-10 07:04:42
424,Simpson-Moore,317,Fashion,Innovative context-sensitive task-force,t,https://picsum.photos/320/200/?random424,2473.62,4305.05,2018-03-17 00:17:22,2018-04-19 19:31:08
425,Hudson-Nielsen,620,Food,Open-architected 6thgeneration forecast,t,https://picsum.photos/320/200/?random425,4231.03,6677.49,2018-03-13 07:33:33,2018-04-24 14:55:36
426,Jackson Ltd,766,Crafts,Synergized asymmetric task-force,t,https://picsum.photos/320/200/?random426,2918.99,8162.15,2018-04-03 17:07:05,2018-04-13 00:49:15
427,"Klein, Phillips and Harrington",665,Dance,Versatile secondary conglomeration,t,https://picsum.photos/320/200/?random427,2578.89,9667.98,2018-03-22 13:03:57,2018-04-06 13:30:54
428,Jones-Villa,886,Theater,Public-key multi-state capacity,t,https://picsum.photos/320/200/?random428,6304.02,7926.19,2018-03-15 02:52:38,2018-04-15 03:24:52
429,Vaughn PLC,676,Music,Enterprise-wide motivating core,t,https://picsum.photos/320/200/?random429,3252.01,7864.46,2018-04-10 04:35:31,2018-05-04 03:01:27
430,Perez Inc,666,Food,Monitored zero-defect hardware,t,https://picsum.photos/320/200/?random430,5371.67,8549.27,2018-03-21 21:16:21,2018-04-30 22:32:56
431,Brown Inc,652,Journalism,Multi-tiered maximized software,t,https://picsum.photos/320/200/?random431,416.16,7928.81,2018-03-14 14:24:25,2018-04-30 22:37:50
432,"Hoffman, Garcia and Johnson",634,Comics,Adaptive uniform success,t,https://picsum.photos/320/200/?random432,3375.92,8678.19,2018-03-25 05:14:14,2018-04-23 23:50:31
433,Barajas PLC,723,Comics,Focused high-level paradigm,t,https://picsum.photos/320/200/?random433,9684.43,2710.39,2018-04-07 03:08:37,2018-04-09 13:59:54
434,Harrison PLC,496,Photography,Devolved foreground data-warehouse,t,https://picsum.photos/320/200/?random434,2655.98,4044.16,2018-03-13 08:39:42,2018-04-04 23:06:40
435,"Wagner, Garza and Crawford",731,Fashion,Robust multi-tasking hub,t,https://picsum.photos/320/200/?random435,1576.71,4469.86,2018-04-01 07:21:36,2018-04-15 17:49:41
436,"Parrish, Johns and Williams",762,Fashion,Triple-buffered static definition,t,https://picsum.photos/320/200/?random436,5894.14,5474.87,2018-04-04 11:09:19,2018-05-09 12:47:39
437,Jones LLC,175,Fashion,Multi-channeled zero administration moderator,t,https://picsum.photos/320/200/?random437,7451.71,4692.46,2018-03-23 23:25:58,2018-03-29 10:37:17
438,Jackson PLC,547,Publishing,Future-proofed bandwidth-monitored migration,t,https://picsum.photos/320/200/?random438,7466.98,5838.22,2018-03-12 01:48:11,2018-05-02 04:27:36
439,"Medina, Davis and Salinas",647,Games,Switchable radical data-warehouse,t,https://picsum.photos/320/200/?random439,5024.99,5600.89,2018-04-10 06:09:07,2018-05-05 21:25:32
440,"Allen, Andrews and Carter",403,Art,Operative maximized monitoring,t,https://picsum.photos/320/200/?random440,3341.46,1407.92,2018-04-02 04:30:36,2018-05-09 20:30:31
441,Yates Inc,474,Dance,Versatile even-keeled throughput,t,https://picsum.photos/320/200/?random441,302.16,577.27,2018-03-12 22:54:40,2018-04-27 17:33:37
442,Cervantes-Moore,264,Art,Optional interactive Graphical User Interface,t,https://picsum.photos/320/200/?random442,7906.97,9341.59,2018-03-25 18:52:52,2018-04-22 06:35:27
443,"Flowers, Brown and Martinez",706,Film & Video,Persevering 5thgeneration instruction set,t,https://picsum.photos/320/200/?random443,340.20,9508.01,2018-03-27 21:11:33,2018-04-13 16:07:00
444,"Trevino, Chen and Horne",959,Technology,Fully-configurable exuding process improvement,t,https://picsum.photos/320/200/?random444,2827.88,5141.45,2018-03-12 02:01:04,2018-04-22 14:39:57
445,"Wallace, Grant and Conway",578,Music,Centralized bi-directional migration,t,https://picsum.photos/320/200/?random445,504.23,7413.81,2018-03-31 03:09:53,2018-04-18 23:03:45
446,"Sherman, Castillo and Hart",22,Food,Cross-platform maximized data-warehouse,t,https://picsum.photos/320/200/?random446,2030.69,3109.47,2018-04-07 04:40:20,2018-05-08 13:02:10
447,Collins Ltd,740,Publishing,Realigned client-driven initiative,t,https://picsum.photos/320/200/?random447,8909.93,8114.79,2018-04-09 15:20:24,2018-04-29 15:26:04
448,Mccarty LLC,913,Technology,Inverse fresh-thinking forecast,t,https://picsum.photos/320/200/?random448,6046.40,4768.68,2018-04-10 14:38:34,2018-04-26 04:05:04
449,Fields Inc,829,Art,Future-proofed eco-centric solution,t,https://picsum.photos/320/200/?random449,1317.60,5352.85,2018-03-24 19:34:28,2018-04-11 17:20:25
450,"Clark, Elliott and Gray",423,Design,Business-focused next generation structure,t,https://picsum.photos/320/200/?random450,9223.40,9566.57,2018-03-30 10:34:48,2018-04-22 07:28:09
451,Vazquez Inc,106,Film & Video,Vision-oriented disintermediate array,t,https://picsum.photos/320/200/?random451,9598.32,6269.41,2018-04-02 16:42:43,2018-04-22 07:47:09
452,Miranda-Martin,907,Photography,Up-sized transitional paradigm,t,https://picsum.photos/320/200/?random452,8228.46,5903.73,2018-03-24 16:58:03,2018-04-17 01:26:07
453,Andrade-Reid,953,Dance,Team-oriented methodical methodology,t,https://picsum.photos/320/200/?random453,8809.77,3514.12,2018-03-26 01:29:15,2018-04-01 06:04:35
454,Brown Inc,279,Publishing,Expanded heuristic paradigm,t,https://picsum.photos/320/200/?random454,6377.54,1275.20,2018-04-10 22:02:41,2018-04-29 01:43:16
455,"Molina, Ellis and Porter",534,Theater,Profit-focused interactive protocol,t,https://picsum.photos/320/200/?random455,3687.38,6522.55,2018-03-16 14:49:38,2018-05-08 13:20:55
456,"Green, Torres and Harris",362,Crafts,User-centric composite support,t,https://picsum.photos/320/200/?random456,1605.86,9700.47,2018-03-18 12:41:29,2018-03-23 13:45:56
457,Maxwell-Yang,478,Theater,Multi-tiered well-modulated matrix,t,https://picsum.photos/320/200/?random457,5482.58,4528.71,2018-03-15 22:06:21,2018-05-07 20:38:37
458,Miles Group,448,Music,Distributed dedicated emulation,t,https://picsum.photos/320/200/?random458,4678.58,4446.47,2018-03-23 04:46:46,2018-05-04 10:29:15
459,Taylor Inc,691,Dance,Synergized fault-tolerant Internet solution,t,https://picsum.photos/320/200/?random459,7201.23,719.61,2018-03-23 07:58:10,2018-05-07 22:44:07
460,"Hendrix, Parker and Reed",635,Journalism,Reverse-engineered tangible leverage,t,https://picsum.photos/320/200/?random460,2183.95,1436.60,2018-03-31 13:23:20,2018-04-15 09:14:23
461,Thomas Ltd,998,Journalism,Phased bandwidth-monitored benchmark,t,https://picsum.photos/320/200/?random461,1826.79,5335.27,2018-03-20 22:18:57,2018-04-25 17:19:42
462,"Morris, Barry and Coleman",144,Film & Video,Programmable tangible open system,t,https://picsum.photos/320/200/?random462,8757.48,2173.29,2018-03-21 14:06:05,2018-03-23 13:28:10
463,"Lopez, Roman and Brown",982,Games,Networked asymmetric forecast,t,https://picsum.photos/320/200/?random463,3498.94,9947.33,2018-04-09 21:29:01,2018-04-26 07:08:34
464,Simmons and Sons,324,Fashion,Reverse-engineered asynchronous algorithm,t,https://picsum.photos/320/200/?random464,9549.43,4253.48,2018-04-07 00:24:32,2018-04-07 19:06:29
465,Cortez-Thomas,719,Games,Sharable non-volatile instruction set,t,https://picsum.photos/320/200/?random465,8602.31,4197.67,2018-03-23 12:31:36,2018-04-05 10:42:18
466,"Aguilar, Baker and Garcia",908,Technology,User-centric homogeneous software,t,https://picsum.photos/320/200/?random466,7998.99,8426.07,2018-04-01 13:41:54,2018-05-09 01:42:03
467,"Woods, Ashley and Lynch",354,Comics,Triple-buffered multi-tasking intranet,t,https://picsum.photos/320/200/?random467,7303.88,4287.95,2018-03-24 10:22:38,2018-04-14 12:34:28
468,Neal LLC,808,Publishing,Implemented web-enabled Local Area Network,t,https://picsum.photos/320/200/?random468,4672.73,246.61,2018-03-20 01:28:45,2018-05-01 05:47:17
469,"Fowler, Martin and Campbell",270,Fashion,Automated systemic product,t,https://picsum.photos/320/200/?random469,7484.98,1736.59,2018-04-02 21:11:53,2018-04-22 07:08:21
470,Gomez PLC,457,Comics,Fundamental empowering database,t,https://picsum.photos/320/200/?random470,1142.74,5894.56,2018-03-17 03:02:38,2018-05-03 12:20:05
471,"Taylor, Daniels and Lane",257,Dance,Right-sized tangible help-desk,t,https://picsum.photos/320/200/?random471,2647.48,5475.20,2018-04-05 21:55:26,2018-04-25 01:52:08
472,Hughes LLC,598,Journalism,Integrated global protocol,t,https://picsum.photos/320/200/?random472,7388.84,5904.20,2018-04-09 09:03:51,2018-05-06 20:52:27
473,"Owen, Crane and Martinez",82,Comics,Ameliorated homogeneous open system,t,https://picsum.photos/320/200/?random473,4526.69,818.80,2018-03-20 14:48:37,2018-04-24 09:39:33
474,Turner-Reed,44,Film & Video,Stand-alone static intranet,t,https://picsum.photos/320/200/?random474,3143.98,7544.99,2018-03-21 14:46:15,2018-04-09 03:17:36
475,Juarez and Sons,731,Design,Cross-group human-resource firmware,t,https://picsum.photos/320/200/?random475,5298.57,605.04,2018-03-30 08:18:08,2018-03-30 19:38:40
476,Taylor Inc,262,Fashion,Centralized interactive Graphical User Interface,t,https://picsum.photos/320/200/?random476,5771.42,470.82,2018-03-24 10:39:51,2018-04-28 04:06:42
477,"Harvey, Smith and Edwards",227,Technology,Monitored actuating ability,t,https://picsum.photos/320/200/?random477,8301.37,8543.30,2018-03-25 11:14:34,2018-04-03 16:31:36
478,Henderson PLC,92,Games,Intuitive reciprocal initiative,t,https://picsum.photos/320/200/?random478,8382.18,5515.59,2018-03-21 22:06:40,2018-03-27 14:57:32
479,Shaw-Rice,572,Music,Managed 5thgeneration hub,t,https://picsum.photos/320/200/?random479,1644.24,3301.95,2018-03-20 09:31:25,2018-04-09 21:41:32
480,Proctor-Graham,168,Technology,Persevering secondary process improvement,t,https://picsum.photos/320/200/?random480,802.82,1747.88,2018-03-30 07:28:26,2018-04-24 18:57:29
481,Wu-Potts,400,Art,Reverse-engineered demand-driven system engine,t,https://picsum.photos/320/200/?random481,2374.12,3137.32,2018-03-14 13:54:25,2018-03-30 21:57:52
482,Mcconnell LLC,708,Crafts,Vision-oriented 3rdgeneration strategy,t,https://picsum.photos/320/200/?random482,7347.27,9269.35,2018-03-14 17:55:36,2018-03-26 19:45:30
483,"Hughes, Rubio and Hunter",183,Film & Video,Sharable asynchronous open architecture,t,https://picsum.photos/320/200/?random483,9106.33,909.89,2018-04-03 13:06:17,2018-04-18 08:23:51
484,Summers Ltd,249,Food,Compatible bandwidth-monitored emulation,t,https://picsum.photos/320/200/?random484,7296.26,2267.74,2018-03-24 04:44:31,2018-04-21 03:06:21
485,"Jones, Martin and Novak",721,Crafts,Robust local time-frame,t,https://picsum.photos/320/200/?random485,9901.55,8681.06,2018-03-22 20:28:05,2018-05-02 00:49:36
486,Proctor-Jennings,565,Journalism,Sharable 5thgeneration flexibility,t,https://picsum.photos/320/200/?random486,2677.68,2675.87,2018-04-06 00:18:40,2018-05-01 19:14:40
487,"Saunders, Brown and Dennis",942,Technology,Realigned background access,t,https://picsum.photos/320/200/?random487,9893.58,2842.94,2018-04-05 22:18:38,2018-04-23 12:43:14
488,Harris-Tate,230,Crafts,Function-based heuristic help-desk,t,https://picsum.photos/320/200/?random488,8623.99,4945.20,2018-03-24 12:39:00,2018-05-07 09:38:39
489,Lawson Inc,171,Food,Innovative attitude-oriented capacity,t,https://picsum.photos/320/200/?random489,8405.25,5105.67,2018-03-21 20:07:22,2018-04-28 06:15:25
490,"Lindsey, Sullivan and Shelton",694,Design,Visionary logistical Local Area Network,t,https://picsum.photos/320/200/?random490,3516.60,5277.17,2018-03-22 17:38:54,2018-04-24 13:48:20
491,"Johnson, Gordon and Haynes",286,Comics,Vision-oriented multimedia conglomeration,t,https://picsum.photos/320/200/?random491,5020.68,1645.50,2018-03-26 01:39:53,2018-04-06 10:23:03
492,Ellis LLC,454,Fashion,Team-oriented context-sensitive architecture,t,https://picsum.photos/320/200/?random492,6727.91,116.79,2018-03-31 20:33:50,2018-04-04 02:06:14
493,Jones and Sons,530,Technology,Compatible exuding analyzer,t,https://picsum.photos/320/200/?random493,8516.33,4883.17,2018-03-17 08:40:25,2018-05-09 01:11:26
494,Rubio-Lawrence,123,Publishing,Multi-tiered zero tolerance adapter,t,https://picsum.photos/320/200/?random494,4938.43,3825.29,2018-04-08 03:53:41,2018-05-09 15:47:48
495,Sims and Sons,361,Food,Universal even-keeled moratorium,t,https://picsum.photos/320/200/?random495,7656.69,14.39,2018-03-24 07:51:19,2018-04-21 09:36:59
496,"Smith, Wells and Johnson",906,Publishing,Exclusive content-based challenge,t,https://picsum.photos/320/200/?random496,2600.08,5305.49,2018-03-27 02:05:46,2018-04-26 13:52:47
497,Garcia LLC,537,Journalism,Face-to-face client-server service-desk,t,https://picsum.photos/320/200/?random497,6812.83,1146.09,2018-03-21 14:02:54,2018-04-30 21:30:17
498,"Perez, Sandoval and Wilson",699,Journalism,Re-engineered real-time attitude,t,https://picsum.photos/320/200/?random498,3908.90,665.11,2018-03-23 14:33:21,2018-05-04 23:50:57
499,Mullen Ltd,265,Journalism,Implemented dedicated secured line,t,https://picsum.photos/320/200/?random499,9980.10,4057.30,2018-04-05 08:15:55,2018-04-08 19:07:04
500,"Potter, Chavez and Martinez",830,Comics,Customizable fault-tolerant portal,t,https://picsum.photos/320/200/?random500,6614.90,2723.91,2018-03-15 21:12:17,2018-05-02 21:03:08
