id,email,password,is_admin
1,admin,password,t
2,zachary13@hotmail.com,SeaGreen,f
3,xgutierrez@perez.net,Aquamarine,f
4,butlerkelli@hotmail.com,LimeGreen,f
5,travis13@hotmail.com,Lime,f
6,danielle80@hotmail.com,DarkMagenta,f
7,vanessa55@brown-gomez.com,SpringGreen,f
8,sean01@yahoo.com,Salmon,f
9,youngtracy@yahoo.com,DarkCyan,f
10,dennishansen@parker-vincent.com,PeachPuff,f
11,dawnthomas@hotmail.com,Ivory,f
12,xpacheco@sutton.com,Bisque,f
13,crystal76@wilson-wells.com,LawnGreen,f
14,xespinoza@hotmail.com,Lime,f
15,david75@gomez.net,LightSteelBlue,f
16,mavery@yahoo.com,DarkSlateBlue,f
17,marquezmatthew@gilbert.com,GoldenRod,f
18,samueljohnson@meyer-garza.info,DarkGoldenRod,f
19,deniserobinson@yahoo.com,Peru,f
20,deannabowen@kirby.com,DarkRed,f
21,michaeljackson@hotmail.com,Green,f
22,amy63@castillo-flores.com,Cornsilk,f
23,ebutler@gmail.com,Olive,f
24,elizabethyoder@hotmail.com,Purple,f
25,williamgeorge@gmail.com,MediumSpringGreen,f
26,jbranch@hess-rodriguez.com,DarkOliveGreen,f
27,barreravicki@yahoo.com,GoldenRod,f
28,rodgersamy@gmail.com,SandyBrown,f
29,zachary82@yahoo.com,MistyRose,f
30,sandra71@hotmail.com,MediumSeaGreen,f
31,brownthomas@gmail.com,DeepPink,f
32,amy36@yahoo.com,Bisque,f
33,megan02@mcdonald.com,OldLace,f
34,sheastephanie@hammond-hendrix.org,AntiqueWhite,f
35,rsmith@hotmail.com,Snow,f
36,emma42@trujillo-hernandez.com,Orange,f
37,carrollkelsey@hotmail.com,CadetBlue,f
38,yramirez@foster.com,MintCream,f
39,tfrazier@hickman.com,Navy,f
40,davidscott@yahoo.com,Wheat,f
41,lwarner@yahoo.com,LightSeaGreen,f
42,jeffreyperez@gmail.com,SkyBlue,f
43,sharpnicholas@clark.com,MediumPurple,f
44,riverajanice@yahoo.com,MintCream,f
45,cstone@gmail.com,HotPink,f
46,jonesyvonne@yahoo.com,Azure,f
47,vreyes@yahoo.com,DarkTurquoise,f
48,debbie52@ramirez.com,Green,f
49,hudsonjames@yahoo.com,LightSkyBlue,f
50,flynnjohn@christensen-fitzpatrick.biz,Beige,f
51,kristin41@gmail.com,Blue,f
52,villanuevalaura@gmail.com,LemonChiffon,f
53,laurenyoung@hotmail.com,Green,f
54,thomastravis@gmail.com,Orange,f
55,paulwade@norman.com,Chocolate,f
56,nicholsoneric@thompson-terrell.com,Linen,f
57,vrivera@gmail.com,Aquamarine,f
58,dale53@yahoo.com,Maroon,f
59,wmurray@gilbert-martinez.com,YellowGreen,f
60,james55@ferrell.com,PaleGreen,f
61,liuamber@yahoo.com,LightGreen,f
62,brett11@lawrence.com,DarkSeaGreen,f
63,guerrerochristopher@hotmail.com,DarkRed,f
64,apearson@nelson.net,MediumTurquoise,f
65,william28@gardner.com,Peru,f
66,robert90@jones.net,Azure,f
67,xanderson@morse.com,Teal,f
68,kathy24@hall.org,Black,f
69,ryan49@yahoo.com,DarkTurquoise,f
70,juliamcgee@gmail.com,AntiqueWhite,f
71,pattonkatherine@gmail.com,Sienna,f
72,jeffreytaylor@gmail.com,Magenta,f
73,cthomas@leon-pollard.biz,Violet,f
74,ybyrd@yahoo.com,GreenYellow,f
75,brandyward@hotmail.com,MediumBlue,f
76,sergio21@gmail.com,Olive,f
77,acole@gmail.com,LemonChiffon,f
78,jeffrey89@gilbert-lewis.com,Snow,f
79,vhurst@hotmail.com,PaleGreen,f
80,smcneil@hudson-terry.com,MediumPurple,f
81,anthony57@hotmail.com,ForestGreen,f
82,jessicamitchell@hall.com,PaleTurquoise,f
83,brookejohnson@yahoo.com,LawnGreen,f
84,melissa38@gmail.com,LightSkyBlue,f
85,cheryl66@hotmail.com,Navy,f
86,edwardbyrd@gmail.com,MediumSeaGreen,f
87,dustinsutton@carpenter.com,Green,f
88,mallen@gmail.com,SlateBlue,f
89,nrobertson@gmail.com,Moccasin,f
90,carrillomikayla@johnson.info,Crimson,f
91,donna73@taylor.com,YellowGreen,f
92,fgarcia@yahoo.com,Sienna,f
93,jdiaz@washington.com,SkyBlue,f
94,johnnystephenson@bauer-simpson.com,LightCoral,f
95,richarddaugherty@tucker.com,Green,f
96,lisa55@gray.info,PaleGreen,f
97,oibarra@hotmail.com,BlanchedAlmond,f
98,kevinandrews@russell.biz,LightCyan,f
99,farrellanthony@mejia-le.com,IndianRed,f
100,gbrown@ward.biz,ForestGreen,f
101,nmartinez@gmail.com,Violet,f
102,carriehoward@rodriguez.com,SeaShell,f
103,lisa82@skinner.com,PaleVioletRed,f
104,adrian85@gmail.com,RosyBrown,f
105,moralisa@johnston.info,DarkSlateBlue,f
106,rachelwoods@ross.com,Bisque,f
107,johnhart@yahoo.com,LightSkyBlue,f
108,rnichols@yahoo.com,LightSteelBlue,f
109,janetcallahan@yahoo.com,OrangeRed,f
110,vmay@hayes.com,BurlyWood,f
111,ramirezalexander@yahoo.com,MediumTurquoise,f
112,jbryant@marshall.com,Moccasin,f
113,aaron92@hotmail.com,Wheat,f
114,hfigueroa@cooper.com,WhiteSmoke,f
115,kathleen86@hotmail.com,SaddleBrown,f
116,vegachad@gmail.com,LightSteelBlue,f
117,michael94@yahoo.com,SeaShell,f
118,shannon96@ellis.com,DarkCyan,f
119,brianvaldez@nguyen.info,Pink,f
120,johnny53@kim.net,FireBrick,f
121,zjones@hicks.com,DarkBlue,f
122,joseph54@yahoo.com,Turquoise,f
123,justin65@koch.com,Sienna,f
124,bartonthomas@gmail.com,DimGray,f
125,cwilliams@stout.org,Bisque,f
126,zparker@yahoo.com,Moccasin,f
127,jhorton@warren-kim.com,Gold,f
128,erikvelez@hotmail.com,DarkTurquoise,f
129,aguilarnancy@hotmail.com,Orchid,f
130,ojohnson@mason-johnson.com,Blue,f
131,sethwhite@medina.info,Yellow,f
132,cmooney@strong.biz,OliveDrab,f
133,bakermelissa@gmail.com,Lavender,f
134,martinezedward@montoya-walker.info,HotPink,f
135,derrick35@hotmail.com,FloralWhite,f
136,msummers@yahoo.com,DarkViolet,f
137,dwalters@stone.biz,Blue,f
138,nramirez@hotmail.com,Cornsilk,f
139,qking@yahoo.com,Orchid,f
140,boydkelly@gmail.com,DarkSlateBlue,f
141,gonzalezanne@medina.net,PaleVioletRed,f
142,pamela54@gmail.com,MediumSlateBlue,f
143,maryhicks@white.com,Aquamarine,f
144,ygarrett@lewis.net,Aquamarine,f
145,mary43@yahoo.com,MintCream,f
146,christopherchambers@reed.com,DarkOrange,f
147,kevinperry@russell-howard.com,SlateGray,f
148,andersonderrick@stanley.com,PaleGoldenRod,f
149,zacharygregory@yahoo.com,BlueViolet,f
150,prichardson@hotmail.com,Violet,f
151,bestamy@yahoo.com,DarkKhaki,f
152,wilcoxchristopher@caldwell-murphy.org,MediumSlateBlue,f
153,nmartinez@hotmail.com,MediumAquaMarine,f
154,anitacosta@gmail.com,Coral,f
155,tylermichael@andrews.com,Green,f
156,frederick69@yahoo.com,FloralWhite,f
157,kerrysharp@hotmail.com,SlateGray,f
158,mercadoerik@hotmail.com,Thistle,f
159,billy58@avila-turner.org,Chartreuse,f
160,alexdavis@ferguson.org,LightSteelBlue,f
161,browningkimberly@yahoo.com,Cornsilk,f
162,eramirez@gmail.com,PapayaWhip,f
163,kevin15@gmail.com,Thistle,f
164,christinawilliams@miller.com,LightSteelBlue,f
165,heather51@gmail.com,OrangeRed,f
166,trevor84@rivas-howard.info,GreenYellow,f
167,ddavis@hotmail.com,AntiqueWhite,f
168,bishopjorge@castro-mckee.com,Thistle,f
169,llopez@gmail.com,LightSteelBlue,f
170,mcintyresylvia@gmail.com,Crimson,f
171,mossdavid@miller.biz,LightYellow,f
172,phillipsrodney@allen.org,SpringGreen,f
173,fanderson@yahoo.com,SkyBlue,f
174,john04@stephens-diaz.com,NavajoWhite,f
175,wvaughn@yahoo.com,MediumTurquoise,f
176,elizabeth14@blake.com,LightSkyBlue,f
177,thomaslisa@thomas.net,DarkKhaki,f
178,joseph24@hotmail.com,LightSlateGray,f
179,aprilgallagher@pena.com,Violet,f
180,mvaldez@yahoo.com,IndianRed,f
181,lstanley@gmail.com,Teal,f
182,joseph53@gmail.com,FireBrick,f
183,warrenkyle@gmail.com,PaleGreen,f
184,monica36@diaz.net,MediumOrchid,f
185,jblack@schultz-randall.com,CornflowerBlue,f
186,heather70@yahoo.com,LightPink,f
187,wbrown@higgins-jones.com,Turquoise,f
188,taylorbrooke@hotmail.com,WhiteSmoke,f
189,obowers@hotmail.com,BurlyWood,f
190,zacharyclark@gmail.com,OldLace,f
191,ygomez@yahoo.com,Beige,f
192,mooremichael@zamora-cochran.org,DeepPink,f
193,cchoi@gmail.com,Fuchsia,f
194,bankssean@gmail.com,Beige,f
195,schaeferstephen@gmail.com,Orchid,f
196,fuenteschristopher@gmail.com,Pink,f
197,williamsmith@gmail.com,Gray,f
198,justinfisher@price.info,Teal,f
199,cheryl76@yahoo.com,OldLace,f
200,peterhuerta@bush-jenkins.com,LightGoldenRodYellow,f
201,tarabarnes@yahoo.com,PaleVioletRed,f
202,anne92@pineda.com,Cyan,f
203,jessica52@hotmail.com,DarkRed,f
204,annaschneider@hotmail.com,MediumOrchid,f
205,bschneider@hale.info,PaleGoldenRod,f
206,danielanna@yahoo.com,LightCoral,f
207,nathan35@davis.com,RoyalBlue,f
208,bernard45@hotmail.com,Orchid,f
209,idaniels@leach-sexton.com,LightSteelBlue,f
210,guzmanmary@yahoo.com,LightSlateGray,f
211,brandonarnold@yahoo.com,Coral,f
212,gramos@nguyen.biz,YellowGreen,f
213,michaelstephanie@harris.net,PaleVioletRed,f
214,jwhite@yahoo.com,SeaGreen,f
215,rallen@harrison.com,PaleTurquoise,f
216,jenningsallison@valencia.com,Chartreuse,f
217,schultzjohn@bowman-jackson.org,Salmon,f
218,troy14@schmidt-webster.org,MidnightBlue,f
219,kendra44@hotmail.com,Teal,f
220,hendrickssheila@townsend-pennington.net,Violet,f
221,dmcdonald@yahoo.com,White,f
222,mfuller@flores-russell.com,DarkSlateGray,f
223,rileyvictoria@hotmail.com,Navy,f
224,vpena@gmail.com,Azure,f
225,joneskelly@yahoo.com,DarkTurquoise,f
226,ggordon@yahoo.com,MediumTurquoise,f
227,atrevino@yahoo.com,PaleVioletRed,f
228,vdunn@higgins.biz,SeaGreen,f
229,bautistajane@mata.com,Ivory,f
230,rcastillo@yahoo.com,LightGray,f
231,ericacoleman@freeman-scott.com,Green,f
232,leslie48@sexton-contreras.com,DarkOrchid,f
233,dannybrooks@blankenship-barajas.com,LightSlateGray,f
234,paul76@gmail.com,OrangeRed,f
235,zjackson@yahoo.com,LimeGreen,f
236,toddsara@gonzalez.com,MediumAquaMarine,f
237,donald87@rush-ramirez.com,FloralWhite,f
238,monica23@gmail.com,DimGray,f
239,qrobinson@yahoo.com,MediumVioletRed,f
240,ctate@gmail.com,DarkBlue,f
241,roberta40@wright.com,DarkMagenta,f
242,yanthony@yahoo.com,Azure,f
243,chriswheeler@hill.com,AntiqueWhite,f
244,pclark@kelly.net,SlateBlue,f
245,ulopez@hotmail.com,DeepSkyBlue,f
246,millerjames@yahoo.com,Silver,f
247,robertedwards@warren.org,Peru,f
248,evanmartin@hotmail.com,Crimson,f
249,adamsanthony@yahoo.com,Wheat,f
250,laura88@johnson-jones.com,DarkGray,f
251,dorismarks@stanley.com,Beige,f
252,amandaperez@yahoo.com,SlateGray,f
253,buchanantiffany@yahoo.com,Thistle,f
254,ywilson@gmail.com,Maroon,f
255,andrewstyler@holder.com,Navy,f
256,eandrews@gmail.com,YellowGreen,f
257,paul36@wilson-rodgers.com,Cyan,f
258,michaelruiz@jones.com,MediumVioletRed,f
259,xmeyer@larson.com,LightSeaGreen,f
260,howardjennifer@crane.com,GreenYellow,f
261,jhardy@marquez.org,SaddleBrown,f
262,pattersonstephanie@owens.info,Red,f
263,petersonscott@norton.net,Pink,f
264,schultzbeth@pittman.com,MediumPurple,f
265,alexajames@yahoo.com,Orchid,f
266,michelletrujillo@green.com,FireBrick,f
267,marcuscordova@livingston.org,DarkKhaki,f
268,browndonald@williams.com,Gold,f
269,fanderson@gmail.com,Cyan,f
270,iwilliamson@yahoo.com,Teal,f
271,arobinson@galvan.com,Green,f
272,maria37@yahoo.com,OliveDrab,f
273,corey87@hotmail.com,DimGray,f
274,aboyd@dominguez.info,Linen,f
275,john92@yahoo.com,Gold,f
276,timothy49@hotmail.com,MediumBlue,f
277,kevinhorton@rivas.com,MediumSeaGreen,f
278,hcarter@walker.com,DarkMagenta,f
279,williammartinez@smith.org,MediumSlateBlue,f
280,brownsean@gmail.com,Brown,f
281,lpotter@gmail.com,GoldenRod,f
282,jonesmichael@hobbs-alvarado.com,DarkViolet,f
283,jacobwilliams@martin.com,MistyRose,f
284,rachel25@yahoo.com,MediumVioletRed,f
285,rachel53@evans.net,DeepSkyBlue,f
286,thomaslauren@yahoo.com,DarkOrange,f
287,gonzalezjeanette@barr.com,Indigo,f
288,matthewanderson@hotmail.com,Gray,f
289,hollyacevedo@yahoo.com,CadetBlue,f
290,timothy68@yahoo.com,MediumVioletRed,f
291,steven68@garza.info,LightGray,f
292,zavila@fox.net,CornflowerBlue,f
293,johnsonlynn@cook.org,Gray,f
294,davidrich@duarte-johnson.com,LightYellow,f
295,twhite@yahoo.com,RosyBrown,f
296,sliu@hotmail.com,Cyan,f
297,courtney14@hotmail.com,MediumAquaMarine,f
298,dwayne02@huffman.org,Chartreuse,f
299,carly53@eaton-woodard.com,PaleGreen,f
300,lawrencefletcher@hotmail.com,DarkSeaGreen,f
301,petersstephanie@yahoo.com,Ivory,f
302,gary86@shannon-brown.com,Yellow,f
303,laurenevans@gmail.com,WhiteSmoke,f
304,cody63@patterson-ward.com,Chartreuse,f
305,williamholland@santana.info,Turquoise,f
306,srobinson@miller.com,DodgerBlue,f
307,juliaboyd@hoover.com,Lime,f
308,stacy46@kelley.com,Peru,f
309,lori45@cooke-williams.com,LightCyan,f
310,lconley@brown.biz,LightSalmon,f
311,rileychristopher@swanson-adams.biz,Snow,f
312,martinezjesse@nichols.info,Fuchsia,f
313,ashley95@gmail.com,Orchid,f
314,jonathanwest@gmail.com,DarkBlue,f
315,gregoryellis@sharp.com,LavenderBlush,f
316,juan08@barrett-pham.com,MidnightBlue,f
317,zrodriguez@gmail.com,Aqua,f
318,dianamccormick@hotmail.com,BlanchedAlmond,f
319,rossjoann@hotmail.com,LawnGreen,f
320,uschmidt@hotmail.com,Linen,f
321,kyle00@yahoo.com,AliceBlue,f
322,sarahburns@hudson.com,CadetBlue,f
323,jmartinez@gmail.com,DarkSlateGray,f
324,valentinealejandro@hinton.com,MediumSpringGreen,f
325,kaitlincasey@cervantes.info,DarkBlue,f
326,debbie06@gmail.com,Pink,f
327,mistyrojas@morris-white.com,GoldenRod,f
328,orozcoadrienne@gmail.com,Sienna,f
329,bballard@rogers.com,Green,f
330,lesliebrandt@hotmail.com,DodgerBlue,f
331,jerryclark@gmail.com,NavajoWhite,f
332,erica26@hotmail.com,SlateBlue,f
333,sarahwallace@hotmail.com,DarkOrange,f
334,blackwellkara@daniels-fritz.info,Gold,f
335,ashleynguyen@yahoo.com,HotPink,f
336,kathleen60@chan-carter.com,MediumSeaGreen,f
337,ylambert@burnett.com,PeachPuff,f
338,ilogan@yahoo.com,SkyBlue,f
339,tbrandt@yahoo.com,SandyBrown,f
340,kyle04@hotmail.com,FloralWhite,f
341,conleymatthew@kelley-evans.com,DarkGreen,f
342,noah45@yahoo.com,DodgerBlue,f
343,velezlauren@rich.net,MediumOrchid,f
344,michael27@bond-fleming.com,Gray,f
345,jennifer56@yahoo.com,Gray,f
346,tyler31@hotmail.com,DarkKhaki,f
347,patrickthomas@gmail.com,Cyan,f
348,rollinsjacob@gmail.com,SlateBlue,f
349,omorgan@yahoo.com,Gray,f
350,melanierivera@freeman-vega.info,OliveDrab,f
351,kathrynwells@irwin.net,LightCyan,f
352,smallrebecca@hotmail.com,Thistle,f
353,katherineadams@yahoo.com,GoldenRod,f
354,martinkara@yahoo.com,OliveDrab,f
355,lwood@reilly-scott.com,Navy,f
356,rcooper@gmail.com,Bisque,f
357,dawnruiz@wells.com,Beige,f
358,chadmartin@gordon.com,DarkCyan,f
359,sethjones@montoya-williams.com,Gold,f
360,owilkins@george.com,DarkGoldenRod,f
361,hooverjulie@hotmail.com,LightGreen,f
362,adamslaura@lyons.com,SteelBlue,f
363,audrey04@yahoo.com,LightGray,f
364,rhonda55@harris.com,Khaki,f
365,iyu@smith.com,Brown,f
366,austinpeterson@yahoo.com,Red,f
367,jenkinsjason@gmail.com,MintCream,f
368,carriejohnston@yahoo.com,PaleTurquoise,f
369,alexisgray@wade.info,Gray,f
370,mark69@jordan-carroll.net,DarkGreen,f
371,johnsonjulia@hotmail.com,Khaki,f
372,rowelarry@yahoo.com,SpringGreen,f
373,jefferydavis@scott.com,Coral,f
374,craig58@archer-rodriguez.com,Cyan,f
375,rfarley@gmail.com,Snow,f
376,gallen@gmail.com,Indigo,f
377,odavis@gmail.com,LightBlue,f
378,jessica47@stewart.com,Navy,f
379,michealmiles@west-odom.net,BurlyWood,f
380,odawson@gmail.com,Maroon,f
381,susan69@robinson-johnson.com,SeaGreen,f
382,mariajohnson@gmail.com,MidnightBlue,f
383,michaelmcneil@yahoo.com,MediumOrchid,f
384,cathy36@hotmail.com,Tomato,f
385,rrichards@cain.info,Chocolate,f
386,davidmoss@wright.info,OldLace,f
387,jerrytorres@yahoo.com,MediumAquaMarine,f
388,zmiller@hotmail.com,Khaki,f
389,ashleygraves@gmail.com,Teal,f
390,gomezchristopher@jones.com,LightSalmon,f
391,yjohnson@hotmail.com,SaddleBrown,f
392,deannamurillo@lewis.com,MistyRose,f
393,ldavis@chavez.com,SeaGreen,f
394,rtorres@webb-phillips.com,MediumSeaGreen,f
395,garciaphillip@yahoo.com,Brown,f
396,millerpatrick@robertson-powers.info,MediumOrchid,f
397,eduardo05@fleming.com,LightSteelBlue,f
398,perezandrea@novak.biz,CadetBlue,f
399,tbradley@yahoo.com,HotPink,f
400,rmelendez@hotmail.com,Salmon,f
401,dawsoncharles@horton.com,RosyBrown,f
402,operry@yahoo.com,Yellow,f
403,qadams@hotmail.com,Salmon,f
404,richardconner@sellers-ryan.com,Fuchsia,f
405,ledrew@huff-kim.com,Lime,f
406,fordchristopher@love-perez.info,Tomato,f
407,sarahguerrero@pierce-mahoney.biz,BlueViolet,f
408,vcarter@ward-coleman.info,MediumAquaMarine,f
409,nruiz@gmail.com,AliceBlue,f
410,kristenolson@yahoo.com,LightSeaGreen,f
411,cantuevan@cook-hill.org,SkyBlue,f
412,nicole42@hotmail.com,DarkRed,f
413,ttorres@yahoo.com,Bisque,f
414,rogersduane@lee.info,LightSlateGray,f
415,denise31@hotmail.com,MediumSpringGreen,f
416,lauren27@armstrong.com,Orange,f
417,robert54@gmail.com,SeaShell,f
418,rhondaking@porter.org,PeachPuff,f
419,acollins@martinez.info,Magenta,f
420,briannajacobs@watkins.com,AliceBlue,f
421,ble@leonard.com,LightGreen,f
422,rachelburnett@yahoo.com,LightCoral,f
423,andrewrose@jordan.com,MistyRose,f
424,glopez@yahoo.com,SpringGreen,f
425,nflores@cochran-cox.org,LightSteelBlue,f
426,gcole@yahoo.com,NavajoWhite,f
427,hallrobert@skinner-ramirez.com,MediumSlateBlue,f
428,robin20@choi.net,SeaGreen,f
429,swhite@cook.org,LawnGreen,f
430,ashleymiller@bartlett-hernandez.com,Olive,f
431,anthonytodd@gmail.com,LightBlue,f
432,candicebaker@gmail.com,DarkMagenta,f
433,briannaparker@mccoy.com,PaleGoldenRod,f
434,john02@turner-pierce.com,Thistle,f
435,katherine75@yahoo.com,LightCoral,f
436,wyatt19@hotmail.com,LightBlue,f
437,jamespalmer@gmail.com,Wheat,f
438,nunezsergio@diaz.com,LimeGreen,f
439,michaeljohnson@chambers.com,MediumSeaGreen,f
440,ewatson@keith-rosales.net,LemonChiffon,f
441,simmonsheidi@yahoo.com,IndianRed,f
442,hvasquez@hotmail.com,LightGray,f
443,wlester@yahoo.com,DarkSeaGreen,f
444,valerie02@wood.com,LavenderBlush,f
445,esalazar@yahoo.com,MediumAquaMarine,f
446,diazjoan@novak-carpenter.com,LightSkyBlue,f
447,joshuaduncan@hotmail.com,SlateBlue,f
448,jill95@rojas.com,DarkOrange,f
449,michael37@gmail.com,Purple,f
450,kristymckee@gmail.com,MediumPurple,f
451,isaacscott@kelley.com,PeachPuff,f
452,brandon57@sanchez.com,MediumOrchid,f
453,roberto86@parker.com,DarkTurquoise,f
454,millermark@white.com,LightSkyBlue,f
455,troy37@bernard.com,Linen,f
456,elin@gmail.com,DarkSlateGray,f
457,jeremyswanson@james-sanders.com,MediumOrchid,f
458,nathan62@yahoo.com,PaleVioletRed,f
459,prose@gmail.com,LightGray,f
460,ijones@ball-johnson.info,FloralWhite,f
461,zjackson@poole-morris.com,Coral,f
462,owilliams@yahoo.com,SandyBrown,f
463,wheeleralexis@mckee.com,DarkOrange,f
464,heather41@stevens-thomas.org,DarkGray,f
465,chelsea44@warner-castillo.org,Salmon,f
466,brandon98@gmail.com,Ivory,f
467,elizabethwebster@castillo-keith.info,Indigo,f
468,anne83@erickson.com,OrangeRed,f
469,eferguson@vasquez.biz,GreenYellow,f
470,cramirez@whitaker.com,CornflowerBlue,f
471,walter84@gmail.com,PaleVioletRed,f
472,rossdiana@gonzales-ayers.com,Blue,f
473,arthurmiller@hotmail.com,Purple,f
474,tiffany75@gmail.com,Cornsilk,f
475,clayton15@yahoo.com,LightGray,f
476,longpreston@yahoo.com,LightSeaGreen,f
477,fnicholson@gmail.com,AntiqueWhite,f
478,brenda88@oneill.com,DarkSlateBlue,f
479,smithjason@yates.org,SpringGreen,f
480,ryansamuel@cobb.info,LightGreen,f
481,claudia04@forbes.com,Plum,f
482,zmorgan@hotmail.com,Blue,f
483,carrie65@powell-cooper.com,Wheat,f
484,evansraymond@figueroa-garcia.com,Navy,f
485,chanjoseph@estrada.info,Lavender,f
486,gravesmathew@hotmail.com,LightCyan,f
487,anthony43@turner.com,Gold,f
488,pattersonnorma@hotmail.com,MediumBlue,f
489,parkskristine@collier.com,PaleGoldenRod,f
490,robert71@zamora.com,Coral,f
491,robertsoncarla@hotmail.com,LightSteelBlue,f
492,john81@gmail.com,Moccasin,f
493,xwilliams@hotmail.com,Crimson,f
494,morenokim@hotmail.com,DarkSalmon,f
495,robbinssandra@thomas-knox.com,MediumOrchid,f
496,dustinmurray@gmail.com,PowderBlue,f
497,aprilgarza@green-campbell.com,BurlyWood,f
498,fhenderson@moore.com,Chartreuse,f
499,lisalarsen@yahoo.com,Olive,f
500,kelsey01@yahoo.com,DodgerBlue,f
501,julieduarte@christensen.com,Maroon,f
502,yanderson@yahoo.com,RoyalBlue,f
503,daniel26@hotmail.com,Linen,f
504,calvin33@hill-sanders.info,OldLace,f
505,washingtonashley@mullins.com,Tomato,f
506,candace23@chen-hurst.org,AliceBlue,f
507,rmatthews@burgess.com,DarkSeaGreen,f
508,clarkricardo@hopkins.com,ForestGreen,f
509,sherrydavidson@hotmail.com,Teal,f
510,myerstimothy@clay.org,Aquamarine,f
511,rrivera@yahoo.com,Yellow,f
512,johnspears@henderson.org,SeaShell,f
513,davidwilson@wilson-bird.com,PaleGoldenRod,f
514,fruiz@tran-foster.com,Indigo,f
515,blakedavid@hotmail.com,OldLace,f
516,tjenkins@mahoney.org,LightYellow,f
517,cassandraparker@parks-bonilla.biz,LightSlateGray,f
518,lindseyshaw@hotmail.com,DarkSalmon,f
519,vlane@bradford-dougherty.com,AntiqueWhite,f
520,wagnerkristine@gmail.com,DodgerBlue,f
521,larryjohnson@yahoo.com,Bisque,f
522,rickyortiz@gmail.com,DeepPink,f
523,frank23@yahoo.com,PaleGreen,f
524,paul59@hotmail.com,DodgerBlue,f
525,elizabeth30@wilson.com,Pink,f
526,jeffrey20@yahoo.com,DodgerBlue,f
527,bwalker@johnson.com,Beige,f
528,jonathan93@hernandez.biz,Tan,f
529,moralesjoe@yahoo.com,Khaki,f
530,kpollard@wilcox-price.com,DarkGreen,f
531,martinwendy@schwartz.com,Purple,f
532,dgordon@hotmail.com,Navy,f
533,briangraves@valencia.biz,FloralWhite,f
534,melissa51@yahoo.com,LawnGreen,f
535,kevinbennett@gmail.com,MediumSeaGreen,f
536,holdermichael@guzman.biz,DarkTurquoise,f
537,coxcourtney@watson-rios.com,SeaGreen,f
538,justinchavez@richards-boyd.info,Orange,f
539,jpowell@gmail.com,SlateGray,f
540,tony25@williams.com,MediumVioletRed,f
541,potterjanet@yahoo.com,CornflowerBlue,f
542,jeremyluna@hotmail.com,CornflowerBlue,f
543,daniellejones@hotmail.com,HoneyDew,f
544,williamshaw@allen-knox.com,SlateBlue,f
545,hunterbutler@butler.biz,Sienna,f
546,omorris@baxter-taylor.com,Maroon,f
547,baileyjoshua@yahoo.com,LightBlue,f
548,ascott@patel.com,Wheat,f
549,franklinsara@gmail.com,Green,f
550,mcmahonheather@crawford.com,BlueViolet,f
551,katherine14@juarez.info,DarkGray,f
552,hodgeskenneth@buck.com,Salmon,f
553,cartersuzanne@gmail.com,LimeGreen,f
554,mendozamichael@hotmail.com,LightCoral,f
555,medinarobin@gmail.com,Turquoise,f
556,caitlin41@gmail.com,BlueViolet,f
557,clarence11@gmail.com,SandyBrown,f
558,ycline@yahoo.com,SpringGreen,f
559,katieortiz@lucero.com,PaleTurquoise,f
560,rbonilla@gmail.com,PaleTurquoise,f
561,rruiz@ramirez-reynolds.info,DarkSalmon,f
562,christina20@johnson-bailey.com,LightBlue,f
563,tina88@yahoo.com,LawnGreen,f
564,aaron50@gmail.com,AliceBlue,f
565,alice50@carter.biz,LightSlateGray,f
566,cowantracey@young-ramirez.biz,SpringGreen,f
567,waltersjoseph@nelson.com,MidnightBlue,f
568,toddlam@yahoo.com,DarkViolet,f
569,richard08@greer.biz,LemonChiffon,f
570,usmith@scott-johnson.org,Magenta,f
571,rodriguezmark@potter.org,LightSkyBlue,f
572,katiepage@kidd-peck.com,Yellow,f
573,jessicahernandez@gmail.com,FloralWhite,f
574,laurenandrews@gmail.com,YellowGreen,f
575,laurafloyd@gmail.com,FloralWhite,f
576,ihughes@yahoo.com,DarkGray,f
577,browntracy@coleman.com,LightGreen,f
578,james92@joseph.net,SlateBlue,f
579,jessicavincent@hotmail.com,LightSalmon,f
580,ryan62@meyer-howell.com,LightBlue,f
581,williamskimberly@hotmail.com,MintCream,f
582,erin11@hotmail.com,YellowGreen,f
583,varmstrong@martinez-walker.com,SandyBrown,f
584,scottmeza@hotmail.com,LightSeaGreen,f
585,ginamccarthy@morton.biz,RoyalBlue,f
586,karen37@gmail.com,DarkSeaGreen,f
587,sara74@carr.com,DarkOrchid,f
588,belinda73@yahoo.com,CornflowerBlue,f
589,nicholashayes@hotmail.com,LimeGreen,f
590,tiffanymoore@gmail.com,LavenderBlush,f
591,pmccarthy@stephens.biz,Cornsilk,f
592,kimberlyconner@hotmail.com,LightGoldenRodYellow,f
593,sarahchan@yahoo.com,GhostWhite,f
594,qritter@lin-horton.net,CadetBlue,f
595,kristina84@powell.biz,DimGray,f
596,lisa29@yahoo.com,LightGray,f
597,kentpatricia@warren.com,Chocolate,f
598,cmitchell@yahoo.com,DarkRed,f
599,erica26@hotmail.com,NavajoWhite,f
600,ymoore@rhodes.com,SaddleBrown,f
601,heidicarter@yahoo.com,Maroon,f
602,christopherparks@gmail.com,LightSteelBlue,f
603,rburton@hotmail.com,Black,f
604,jrogers@yahoo.com,Blue,f
605,shardin@bates.com,RosyBrown,f
606,mowens@yahoo.com,OliveDrab,f
607,amymendez@williams.biz,Violet,f
608,vshelton@yahoo.com,LightSkyBlue,f
609,jeffreyrandolph@miller.org,DarkSlateGray,f
610,sue77@yahoo.com,SlateGray,f
611,christinenielsen@gmail.com,LightYellow,f
612,alexanderkimberly@miller.com,Beige,f
613,robert60@yahoo.com,DimGray,f
614,vmalone@yahoo.com,Yellow,f
615,ryan60@yahoo.com,OliveDrab,f
616,wtorres@smith.com,BlueViolet,f
617,hgarza@murray.com,NavajoWhite,f
618,huberrichard@yahoo.com,DarkMagenta,f
619,camachojohnny@gmail.com,Green,f
620,davisronald@warren.net,GreenYellow,f
621,christopher44@hotmail.com,Tan,f
622,holly29@hotmail.com,Wheat,f
623,msmith@boyer.info,Sienna,f
624,dlang@collins-marshall.info,DarkOrange,f
625,jenna73@stewart-lopez.biz,FireBrick,f
626,brent22@yahoo.com,Khaki,f
627,ryansnyder@sanford-becker.com,SteelBlue,f
628,kathleencollier@yahoo.com,DarkCyan,f
629,kelly37@yahoo.com,OldLace,f
630,andersonjessica@bishop.info,LightYellow,f
631,zsullivan@hotmail.com,Silver,f
632,zcrawford@yahoo.com,Orange,f
633,rmarquez@hotmail.com,Azure,f
634,steve29@walsh.com,Violet,f
635,randyaustin@gmail.com,Pink,f
636,courtney09@booth-simpson.com,PeachPuff,f
637,fjones@stone.com,PaleGoldenRod,f
638,jaredadams@hotmail.com,LightYellow,f
639,hpatel@phillips.info,Violet,f
640,oliverjacqueline@gmail.com,LimeGreen,f
641,jacobrangel@hernandez.com,MediumVioletRed,f
642,daniel71@weiss.com,MintCream,f
643,sherry12@hotmail.com,LightCoral,f
644,kevin02@rogers.org,FireBrick,f
645,susan46@gmail.com,LightPink,f
646,cindychavez@yahoo.com,Ivory,f
647,orodriguez@rhodes.com,SkyBlue,f
648,robinsonamy@yahoo.com,LightSteelBlue,f
649,gsimmons@yahoo.com,Tan,f
650,ashleymelton@peters.com,LavenderBlush,f
651,thomasward@yahoo.com,Fuchsia,f
652,anthony91@gmail.com,Silver,f
653,tjoseph@hotmail.com,Crimson,f
654,jamesbrown@yahoo.com,GoldenRod,f
655,pearsonseth@hotmail.com,DarkSeaGreen,f
656,karashaw@gmail.com,PaleTurquoise,f
657,anthony24@gray.info,Brown,f
658,michael02@orr-gentry.net,Violet,f
659,greenpatricia@evans-patterson.biz,DarkRed,f
660,eanderson@morrison-bishop.com,GoldenRod,f
661,hurleyjessica@hotmail.com,Moccasin,f
662,christopher42@yahoo.com,DarkOrange,f
663,gregoryknight@gilbert-schneider.org,SandyBrown,f
664,aallen@hotmail.com,PaleGoldenRod,f
665,patricia07@gmail.com,DarkKhaki,f
666,chelseamoody@vazquez.com,Red,f
667,ukelly@hotmail.com,Maroon,f
668,qking@yahoo.com,DarkSeaGreen,f
669,kblevins@yahoo.com,Fuchsia,f
670,davidbishop@yahoo.com,FireBrick,f
671,rcarter@johnson.com,PeachPuff,f
672,urobbins@gmail.com,Wheat,f
673,carlsondavid@hall.com,MediumSeaGreen,f
674,alejandrorogers@yahoo.com,SlateBlue,f
675,hickmanleslie@yahoo.com,MistyRose,f
676,rachelhale@yahoo.com,Azure,f
677,janderson@yahoo.com,SeaGreen,f
678,melissa44@matthews.info,CadetBlue,f
679,rachelreyes@merritt.org,LightGreen,f
680,angela28@thompson.net,Chartreuse,f
681,bonillashannon@lane-smith.biz,DarkOrchid,f
682,john75@gmail.com,DeepSkyBlue,f
683,hollandmichelle@gmail.com,OliveDrab,f
684,kristenfernandez@williamson.org,PeachPuff,f
685,amy61@harris.com,LightSlateGray,f
686,timothy04@yahoo.com,White,f
687,wrightstephen@gmail.com,LightSteelBlue,f
688,george43@best-dennis.com,Violet,f
689,jennifercarter@wade-taylor.com,DeepSkyBlue,f
690,phillipssamantha@thompson-raymond.com,DarkMagenta,f
691,djohnson@gmail.com,Lime,f
692,david54@church.com,MediumBlue,f
693,rebecca32@young-mitchell.com,Teal,f
694,heatherowens@day.com,LightCyan,f
695,mary36@gmail.com,LightSeaGreen,f
696,brettbrown@garcia-austin.org,ForestGreen,f
697,canderson@gmail.com,DarkCyan,f
698,john91@hotmail.com,RoyalBlue,f
699,vegarobert@yahoo.com,SteelBlue,f
700,sandra81@yahoo.com,MediumSlateBlue,f
701,rebekah54@yahoo.com,Crimson,f
702,stacey83@hotmail.com,MediumVioletRed,f
703,wgarcia@gmail.com,Coral,f
704,ataylor@hotmail.com,IndianRed,f
705,reneecain@thomas-roberts.net,Chartreuse,f
706,oobrien@phillips.com,SeaGreen,f
707,mahoneyjohn@miller.com,White,f
708,isullivan@bonilla.com,LightSteelBlue,f
709,michaelpacheco@yahoo.com,Moccasin,f
710,julianyoung@martin-scott.org,Wheat,f
711,jonathan87@gmail.com,MediumBlue,f
712,adamssheila@yahoo.com,MediumPurple,f
713,terryserrano@jackson.com,FloralWhite,f
714,patricktammy@gmail.com,Linen,f
715,kelly51@gmail.com,LightSkyBlue,f
716,dorothy25@brennan.org,DarkViolet,f
717,taylor51@sandoval.info,PapayaWhip,f
718,kellykathleen@yahoo.com,MediumSpringGreen,f
719,fordkelsey@gonzalez.com,Chartreuse,f
720,barnettgregory@osborn.com,Violet,f
721,rodriguezlinda@hotmail.com,LightSlateGray,f
722,andrea78@hotmail.com,White,f
723,yhughes@gmail.com,LightYellow,f
724,michael19@smith-ramirez.com,LightGray,f
725,sampsonmelanie@sparks.com,SeaGreen,f
726,kristine59@gmail.com,Peru,f
727,jessica26@yahoo.com,Violet,f
728,kimberly31@olson-roberts.net,LightGray,f
729,megan80@gmail.com,LightGoldenRodYellow,f
730,lisaduran@gross.com,OldLace,f
731,alexanderjohn@alvarez.com,AliceBlue,f
732,carlosriley@hotmail.com,MintCream,f
733,richardwashington@carrillo.biz,DarkRed,f
734,simmonsandrew@porter-wheeler.biz,MidnightBlue,f
735,lauren99@simmons.com,PowderBlue,f
736,alyssa55@moore.com,Cyan,f
737,edwin43@yoder.com,DarkBlue,f
738,csullivan@yahoo.com,Sienna,f
739,ericasanford@woods-johnson.biz,Cyan,f
740,patrickreed@wilson.com,Chocolate,f
741,rmiller@hotmail.com,Gray,f
742,bakeralicia@pena.com,SteelBlue,f
743,lscott@yahoo.com,DarkGoldenRod,f
744,toddcole@gmail.com,Maroon,f
745,jeffersoncorey@gmail.com,GreenYellow,f
746,shannon59@gmail.com,LightSalmon,f
747,elizabeth12@roberts.com,DarkGoldenRod,f
748,cuevasthomas@dominguez-garcia.com,Aquamarine,f
749,paulmcfarland@yahoo.com,MintCream,f
750,stephanie88@hotmail.com,DarkMagenta,f
751,gordoneric@howell.com,LightGoldenRodYellow,f
752,llopez@hotmail.com,MediumSpringGreen,f
753,bpatel@peterson.com,DarkSlateBlue,f
754,collinbaker@hotmail.com,HoneyDew,f
755,jeanne68@gmail.com,Fuchsia,f
756,fosterlarry@mccormick.com,Linen,f
757,ndunn@jones-wilson.com,LightGreen,f
758,colleenmartin@nelson-terry.org,OrangeRed,f
759,yturner@hotmail.com,LightGreen,f
760,dominicgoodman@white-brennan.net,LightSalmon,f
761,jpage@heath.com,Cornsilk,f
762,zmonroe@hotmail.com,Coral,f
763,mwillis@perez-christian.com,Khaki,f
764,jacksonnancy@french-kane.com,DimGray,f
765,tammythomas@valdez.com,SlateBlue,f
766,kristyhickman@peterson-ibarra.com,MediumBlue,f
767,westbarbara@yahoo.com,DarkSalmon,f
768,joanneorr@costa-freeman.com,Green,f
769,jeffreydillon@gmail.com,MediumTurquoise,f
770,rgonzalez@jackson.com,SandyBrown,f
771,joseph53@harmon.biz,Purple,f
772,charleswilliams@hotmail.com,Green,f
773,douglasgarcia@hotmail.com,GhostWhite,f
774,cwest@hotmail.com,PaleGoldenRod,f
775,hatfieldpatrick@johnson-harrell.com,AliceBlue,f
776,katherinewalls@nichols-davis.com,BlueViolet,f
777,lawrencejeremy@brown.info,MediumBlue,f
778,bonniepowell@hotmail.com,LightSlateGray,f
779,heatherferguson@johnson.com,Gray,f
780,robert39@gmail.com,DarkRed,f
781,peterharris@hotmail.com,MediumOrchid,f
782,daniel25@peters.com,LightPink,f
783,sheila37@gmail.com,GreenYellow,f
784,margaret07@hotmail.com,HoneyDew,f
785,aferrell@hotmail.com,Azure,f
786,hpalmer@yahoo.com,DarkOrange,f
787,heather30@gmail.com,LightGray,f
788,yanderson@yahoo.com,RoyalBlue,f
789,uschaefer@yahoo.com,Green,f
790,sherylsmith@gmail.com,RoyalBlue,f
791,edwardsjohn@yahoo.com,DarkKhaki,f
792,jose69@gmail.com,GoldenRod,f
793,williamspaul@yahoo.com,AliceBlue,f
794,melissaroberts@jackson.org,MediumVioletRed,f
795,brent00@huff-garcia.biz,DarkViolet,f
796,kim64@yahoo.com,LightSlateGray,f
797,rmonroe@gmail.com,Khaki,f
798,ugarza@mclean.com,LightCoral,f
799,brenda36@holloway.biz,Cornsilk,f
800,kathrynmurphy@mendez-ferguson.biz,Salmon,f
801,peggygomez@sellers.org,Olive,f
802,bellcarla@sims.com,DarkGoldenRod,f
803,tony49@gmail.com,Cornsilk,f
804,jessica72@davis.info,DarkGreen,f
805,wilsonbenjamin@russell.net,MediumVioletRed,f
806,rolson@hotmail.com,MidnightBlue,f
807,richardmoreno@gmail.com,BurlyWood,f
808,sullivannatasha@moore.info,SeaGreen,f
809,tmitchell@brewer.com,Green,f
810,andradeabigail@marshall-daugherty.com,DimGray,f
811,ryan64@gmail.com,GoldenRod,f
812,pmoore@huerta.com,Ivory,f
813,patricia94@gmail.com,Silver,f
814,janethomas@hotmail.com,SeaGreen,f
815,rioskayla@williams.com,AliceBlue,f
816,rebecca57@gray-conner.net,Aqua,f
817,ahamilton@berger.biz,SeaGreen,f
818,jonesangie@yahoo.com,Moccasin,f
819,gomezjames@gmail.com,DarkKhaki,f
820,ann50@tate-hays.com,Turquoise,f
821,elin@hoover-hood.com,DimGray,f
822,rhuffman@gomez.com,MediumPurple,f
823,amy94@hotmail.com,LightGoldenRodYellow,f
824,robertsanthony@larson.net,DodgerBlue,f
825,laurawilson@jones-butler.org,DarkViolet,f
826,zmendez@hotmail.com,MidnightBlue,f
827,diazwilliam@rivera.com,Khaki,f
828,sandovaljennifer@gmail.com,PaleTurquoise,f
829,nicholas24@hotmail.com,Tomato,f
830,tammy10@hotmail.com,Chocolate,f
831,jose31@hotmail.com,Aquamarine,f
832,carrie32@hotmail.com,DarkViolet,f
833,martinezdarrell@beck-keith.info,Moccasin,f
834,david19@colon.biz,PaleGreen,f
835,micheleallen@jordan.com,CadetBlue,f
836,velezrichard@hotmail.com,Snow,f
837,dsimmons@gmail.com,MistyRose,f
838,garrettwilliams@hotmail.com,DarkSalmon,f
839,jeromecarter@combs.com,LightCoral,f
840,jessica56@hotmail.com,MediumTurquoise,f
841,garylevy@johnson-king.info,CadetBlue,f
842,nhampton@burton-rhodes.com,Black,f
843,shannonedwards@gmail.com,GoldenRod,f
844,erica17@gmail.com,DarkBlue,f
845,qrodriguez@becker.org,DarkGray,f
846,cisnerosamy@rosales.com,PeachPuff,f
847,andersonwayne@hotmail.com,Black,f
848,joneskelly@lopez-krause.net,MediumOrchid,f
849,edwardwood@bell-davis.org,SlateGray,f
850,wreed@gmail.com,MediumSeaGreen,f
851,jacquelinenunez@robbins.com,LightSeaGreen,f
852,nelsonkevin@duncan.org,Aqua,f
853,srowland@dennis.com,NavajoWhite,f
854,earl24@mathews-lewis.info,DarkSlateBlue,f
855,bradleyking@hotmail.com,AliceBlue,f
856,zvelez@hotmail.com,Olive,f
857,kgomez@thomas-jones.com,Thistle,f
858,kristenmiller@mckinney.com,GreenYellow,f
859,palmerrobert@gmail.com,Azure,f
860,ricardoperez@yahoo.com,MediumTurquoise,f
861,jpeterson@yahoo.com,LavenderBlush,f
862,vaughnbrianna@olson-velez.info,Cornsilk,f
863,thomas02@gmail.com,LightSteelBlue,f
864,shelbyharmon@gmail.com,PeachPuff,f
865,laurenmay@yahoo.com,Sienna,f
866,linda94@hotmail.com,Yellow,f
867,jarvisjessica@yahoo.com,Fuchsia,f
868,valdezkathryn@yahoo.com,SpringGreen,f
869,shannon97@santos.info,SlateGray,f
870,hodgesmelinda@ward.org,Indigo,f
871,andersenelizabeth@hensley-kelley.com,SteelBlue,f
872,ethanwillis@thomas.com,Cornsilk,f
873,anna47@mcknight.org,Cyan,f
874,reidjohn@anderson.org,GreenYellow,f
875,walkerrobert@hotmail.com,HotPink,f
876,amber88@hotmail.com,BlanchedAlmond,f
877,redwards@yahoo.com,Azure,f
878,timothy97@gmail.com,LightSalmon,f
879,upark@gmail.com,OldLace,f
880,michaelross@foster.info,Khaki,f
881,riveradonald@yahoo.com,Maroon,f
882,courtneyhayes@gmail.com,SkyBlue,f
883,michaelsmith@smith-foley.com,Gold,f
884,ashley68@hotmail.com,Violet,f
885,townsendemily@wilson.info,LightGoldenRodYellow,f
886,sblackburn@hotmail.com,Aqua,f
887,rasmussenpaul@gmail.com,PaleGoldenRod,f
888,vicki77@berg-davis.com,Indigo,f
889,christinamorrison@miller-kelley.net,MintCream,f
890,lorigray@gmail.com,LightCyan,f
891,andradechristina@franklin-lozano.com,SeaShell,f
892,brownjennifer@pena.com,Beige,f
893,larryoconnell@johnson.com,DarkBlue,f
894,chunt@hotmail.com,DarkGoldenRod,f
895,ubishop@ellis.com,MediumPurple,f
896,teresamendoza@reyes.com,SlateBlue,f
897,cassandraperez@johnson-smith.com,DeepPink,f
898,jamesmitchell@yahoo.com,SteelBlue,f
899,patriciachaney@hotmail.com,Linen,f
900,john78@gmail.com,Brown,f
901,tcarrillo@ayers.com,Chocolate,f
902,wdouglas@hotmail.com,Pink,f
903,jenniferfrank@gmail.com,SandyBrown,f
904,zachary68@hotmail.com,CornflowerBlue,f
905,bryan41@walker.com,MediumOrchid,f
906,drakesue@aguirre-powell.com,BlueViolet,f
907,bensonjessica@gmail.com,HoneyDew,f
908,kevin08@yahoo.com,MediumSpringGreen,f
909,davismallory@gmail.com,BlueViolet,f
910,steven40@gardner.info,Orange,f
911,shaneholmes@davidson.com,SpringGreen,f
912,fcrawford@meyers-wilson.com,DimGray,f
913,lisawalls@gmail.com,HoneyDew,f
914,dawn44@hotmail.com,Violet,f
915,crystalharris@wood.com,Indigo,f
916,vschaefer@swanson.com,MistyRose,f
917,gclark@yahoo.com,PaleGreen,f
918,olewis@gmail.com,DarkCyan,f
919,gallaghermargaret@dunlap-bennett.com,LightBlue,f
920,bethbenitez@gmail.com,DarkSlateGray,f
921,kgarcia@yahoo.com,LightYellow,f
922,amyhill@yahoo.com,SkyBlue,f
923,john09@gmail.com,Gainsboro,f
924,hokristen@zavala.com,DeepSkyBlue,f
925,jrobinson@yahoo.com,GoldenRod,f
926,david24@sharp.biz,DarkSlateGray,f
927,zjoseph@hotmail.com,DarkMagenta,f
928,osbornjames@gmail.com,DarkSeaGreen,f
929,keith71@yahoo.com,Coral,f
930,gomezkatherine@stevenson.net,DarkBlue,f
931,valerie21@hotmail.com,Pink,f
932,aaron63@gmail.com,PeachPuff,f
933,kristinesmith@yahoo.com,Lime,f
934,thomasrebecca@hotmail.com,OrangeRed,f
935,martinmonica@stevens.com,Moccasin,f
936,johngalloway@yahoo.com,DeepPink,f
937,mmorales@yahoo.com,GoldenRod,f
938,mitchell72@smith.net,MediumSeaGreen,f
939,william30@gmail.com,Brown,f
940,scottcorey@hotmail.com,Coral,f
941,david20@quinn.com,BlueViolet,f
942,ymclaughlin@hotmail.com,CadetBlue,f
943,cynthia98@yahoo.com,Chocolate,f
944,denisefisher@yahoo.com,LightBlue,f
945,stephanie25@miles.com,WhiteSmoke,f
946,janice42@mathis.com,Purple,f
947,comptonwendy@yahoo.com,SandyBrown,f
948,garciajohn@stout.org,Pink,f
949,garnerjoseph@hotmail.com,BurlyWood,f
950,loriruiz@hotmail.com,MediumSpringGreen,f
951,uchandler@hotmail.com,LawnGreen,f
952,gary04@hotmail.com,DimGray,f
953,jessicamitchell@gmail.com,LightBlue,f
954,hickskristie@gmail.com,LightGray,f
955,donaldmccormick@hotmail.com,Olive,f
956,jackie41@gmail.com,MediumSeaGreen,f
957,barnettamanda@gmail.com,YellowGreen,f
958,crystal84@yahoo.com,Violet,f
959,taylorsusan@gmail.com,LightPink,f
960,robin43@jackson.com,PeachPuff,f
961,smithmary@mitchell.com,Chartreuse,f
962,campbellgreg@gmail.com,DarkMagenta,f
963,harrisbradley@gmail.com,Orchid,f
964,kgarcia@hotmail.com,DarkOrchid,f
965,clementselaine@clark.com,Teal,f
966,thomasharmon@yahoo.com,PowderBlue,f
967,paul20@herrera.net,LightSeaGreen,f
968,jacob16@yahoo.com,Violet,f
969,jamie67@hotmail.com,MediumPurple,f
970,jeffrey79@yahoo.com,Red,f
971,christina45@gmail.com,Silver,f
972,rvelez@gmail.com,Gray,f
973,edwardsbrandon@yahoo.com,MediumPurple,f
974,shutchinson@yahoo.com,Navy,f
975,hallen@yahoo.com,Yellow,f
976,morrisnicole@compton.com,LightGray,f
977,ecampbell@baxter.com,DarkMagenta,f
978,dlong@gmail.com,SeaShell,f
979,millerjasmine@johnston.com,LightGray,f
980,judithhernandez@rose-mitchell.com,SaddleBrown,f
981,owensjohn@bowen.com,Ivory,f
982,darryl99@moody.com,Tan,f
983,karenturner@gmail.com,PowderBlue,f
984,astrong@gmail.com,DarkKhaki,f
985,rossmark@yahoo.com,Green,f
986,natalieanderson@gmail.com,Chartreuse,f
987,jennifersmith@yahoo.com,Blue,f
988,moralesmonica@collins.org,PaleGreen,f
989,becky71@sanchez.net,Plum,f
990,andrestephens@conway.net,Silver,f
991,esmith@yahoo.com,MediumPurple,f
992,andrew61@yahoo.com,BurlyWood,f
993,jason26@sparks-gomez.biz,NavajoWhite,f
994,andrew46@yahoo.com,Maroon,f
995,masonjennifer@gmail.com,IndianRed,f
996,copelanddavid@yahoo.com,BurlyWood,f
997,brian24@gmail.com,PaleGreen,f
998,mary11@gmail.com,Wheat,f
999,james94@powell.biz,DarkSeaGreen,f
1000,eyoung@yahoo.com,Lavender,f
